"","police","BLM","partyID"
"1",70,15,7
"2",40,50,6
"3",70,30,3
"4",70,50,5
"5",85,15,3
"6",85,0,5
"7",85,100,1
"8",85,15,4
"9",100,15,5
"10",85,50,3
"11",-6,-6,5
"12",-6,-6,3
"13",50,70,5
"14",100,0,2
"15",70,85,1
"16",60,50,1
"17",70,85,1
"18",85,70,7
"19",85,100,1
"20",85,70,6
"21",70,40,6
"22",100,10,6
"23",100,85,5
"24",85,40,5
"25",85,15,5
"26",100,50,5
"27",85,70,4
"28",100,50,4
"29",85,85,3
"30",100,50,4
"31",85,85,2
"32",-6,-6,7
"33",100,50,7
"34",100,0,5
"35",40,50,6
"36",70,40,2
"37",-6,-6,3
"38",30,0,7
"39",70,70,3
"40",30,100,2
"41",100,0,5
"42",85,40,7
"43",85,100,1
"44",100,0,7
"45",90,2,5
"46",60,70,2
"47",85,50,4
"48",100,15,5
"49",30,50,1
"50",-6,-6,2
"51",-6,-6,3
"52",85,30,1
"53",-6,-6,6
"54",100,15,6
"55",50,50,1
"56",85,40,3
"57",40,50,5
"58",40,998,1
"59",85,70,1
"60",70,50,5
"61",85,85,1
"62",85,75,1
"63",100,50,5
"64",100,60,6
"65",-6,-6,1
"66",-6,-6,3
"67",85,85,1
"68",100,60,5
"69",100,30,5
"70",60,85,1
"71",40,50,2
"72",85,60,1
"73",85,30,1
"74",85,100,3
"75",85,85,2
"76",85,50,6
"77",100,85,5
"78",85,70,3
"79",70,50,5
"80",100,85,2
"81",-6,-6,5
"82",70,999,-9
"83",50,60,1
"84",30,100,1
"85",60,85,3
"86",60,50,3
"87",85,70,3
"88",70,40,5
"89",70,30,7
"90",-6,-6,7
"91",-6,-6,7
"92",50,100,2
"93",-6,-6,2
"94",100,50,1
"95",70,40,5
"96",70,50,6
"97",-6,-6,7
"98",-6,-6,1
"99",85,40,4
"100",100,40,6
"101",60,40,1
"102",60,40,1
"103",85,60,4
"104",95,95,1
"105",80,15,7
"106",55,85,1
"107",50,50,3
"108",85,85,6
"109",50,100,3
"110",100,70,3
"111",100,0,5
"112",70,50,5
"113",60,30,5
"114",50,50,3
"115",40,70,2
"116",100,0,4
"117",100,0,5
"118",100,85,1
"119",100,70,1
"120",60,40,6
"121",70,30,5
"122",-6,-6,7
"123",85,50,5
"124",-6,-6,5
"125",100,0,6
"126",85,60,6
"127",85,100,3
"128",60,50,6
"129",85,40,5
"130",85,70,5
"131",90,30,1
"132",60,50,3
"133",85,85,3
"134",85,0,7
"135",50,85,3
"136",70,100,1
"137",50,75,3
"138",70,70,6
"139",100,50,7
"140",100,0,5
"141",70,85,1
"142",85,0,7
"143",-6,-6,1
"144",70,40,4
"145",85,70,2
"146",998,70,1
"147",-6,-6,7
"148",-6,-6,4
"149",60,70,1
"150",30,0,3
"151",100,999,1
"152",100,85,1
"153",70,30,5
"154",50,100,2
"155",70,60,1
"156",85,0,5
"157",85,30,5
"158",15,0,2
"159",100,40,5
"160",100,30,5
"161",85,100,1
"162",40,100,1
"163",-6,-6,2
"164",60,70,3
"165",70,100,1
"166",70,70,7
"167",85,0,4
"168",100,0,5
"169",80,80,2
"170",-6,-6,7
"171",60,50,2
"172",15,0,7
"173",100,50,7
"174",60,50,5
"175",85,85,1
"176",100,7,1
"177",85,998,7
"178",-6,-6,4
"179",85,85,1
"180",-6,-6,4
"181",85,50,2
"182",100,85,5
"183",60,30,3
"184",85,40,5
"185",70,100,1
"186",100,60,2
"187",100,85,3
"188",-6,-6,2
"189",85,40,6
"190",70,30,7
"191",-6,-6,6
"192",70,0,6
"193",100,15,6
"194",70,100,1
"195",70,60,3
"196",60,30,4
"197",85,40,3
"198",40,70,5
"199",70,70,1
"200",-6,-6,7
"201",100,0,7
"202",85,0,7
"203",-6,-6,4
"204",15,15,5
"205",100,0,6
"206",85,15,7
"207",85,60,6
"208",70,50,7
"209",100,100,3
"210",100,85,3
"211",85,85,1
"212",60,60,5
"213",70,85,1
"214",100,60,5
"215",70,85,5
"216",70,40,2
"217",85,15,7
"218",60,100,1
"219",85,30,6
"220",40,100,2
"221",100,0,1
"222",-6,-6,7
"223",100,0,5
"224",70,30,4
"225",85,30,5
"226",85,40,7
"227",70,60,7
"228",-6,-6,6
"229",60,0,7
"230",100,50,5
"231",70,70,4
"232",60,85,3
"233",-6,-6,4
"234",0,60,1
"235",85,0,7
"236",70,50,5
"237",-6,-6,6
"238",85,50,7
"239",-6,-6,7
"240",100,0,7
"241",85,85,5
"242",85,100,1
"243",100,70,6
"244",85,50,3
"245",85,15,5
"246",90,40,6
"247",100,100,1
"248",-6,-6,7
"249",40,100,3
"250",100,50,6
"251",85,999,1
"252",-6,-6,4
"253",85,40,1
"254",-6,-6,3
"255",85,40,5
"256",40,50,4
"257",-6,-6,5
"258",85,85,1
"259",-6,-6,3
"260",85,40,4
"261",70,70,1
"262",85,50,2
"263",85,40,3
"264",70,30,7
"265",85,50,-8
"266",85,0,7
"267",0,50,5
"268",85,40,2
"269",85,100,4
"270",50,999,5
"271",85,100,2
"272",100,50,1
"273",100,0,7
"274",85,100,2
"275",70,85,1
"276",60,85,1
"277",100,0,7
"278",100,30,6
"279",70,60,4
"280",85,0,7
"281",70,70,2
"282",85,15,7
"283",85,60,3
"284",60,15,2
"285",85,90,2
"286",85,15,7
"287",-6,-6,1
"288",100,0,6
"289",-6,-6,7
"290",50,50,3
"291",85,60,3
"292",60,70,1
"293",85,70,2
"294",85,70,1
"295",70,70,3
"296",100,15,7
"297",60,50,6
"298",70,85,2
"299",70,999,3
"300",85,100,1
"301",0,50,4
"302",100,70,7
"303",60,60,3
"304",70,40,5
"305",50,100,4
"306",-6,-6,6
"307",70,50,5
"308",70,40,6
"309",1,50,3
"310",70,30,6
"311",15,100,2
"312",60,0,4
"313",-6,-6,7
"314",100,0,7
"315",-6,-6,1
"316",85,0,7
"317",100,50,6
"318",100,100,7
"319",85,85,2
"320",-6,-6,3
"321",70,30,3
"322",70,40,2
"323",85,85,3
"324",40,60,3
"325",85,70,3
"326",100,30,7
"327",85,40,7
"328",85,60,5
"329",100,40,5
"330",40,60,3
"331",-6,-6,3
"332",70,30,7
"333",100,70,1
"334",60,100,1
"335",100,85,1
"336",50,45,2
"337",51,52,3
"338",85,50,3
"339",40,40,6
"340",35,60,4
"341",60,60,3
"342",-6,-6,4
"343",0,30,4
"344",70,85,1
"345",100,0,7
"346",40,0,7
"347",-6,-6,2
"348",100,15,7
"349",100,60,3
"350",85,85,3
"351",95,0,2
"352",100,15,5
"353",-6,-6,1
"354",85,60,2
"355",100,40,7
"356",100,0,7
"357",-6,-6,7
"358",60,70,6
"359",70,60,1
"360",80,20,7
"361",30,85,2
"362",-6,-6,2
"363",100,50,5
"364",70,100,1
"365",-6,-6,5
"366",100,50,4
"367",85,85,3
"368",30,60,4
"369",85,60,2
"370",85,100,1
"371",60,0,6
"372",60,60,2
"373",85,60,1
"374",30,30,6
"375",85,100,2
"376",85,70,1
"377",40,100,3
"378",85,30,6
"379",85,85,3
"380",100,0,5
"381",40,85,1
"382",100,50,6
"383",85,40,1
"384",70,50,1
"385",100,70,7
"386",100,100,1
"387",85,85,3
"388",85,0,5
"389",100,70,7
"390",60,40,5
"391",70,30,5
"392",85,0,7
"393",85,0,6
"394",100,100,3
"395",100,100,1
"396",100,15,7
"397",60,100,1
"398",70,15,7
"399",60,50,5
"400",85,30,6
"401",85,85,5
"402",100,70,1
"403",50,60,2
"404",30,0,6
"405",85,40,5
"406",70,60,2
"407",50,50,2
"408",70,70,3
"409",85,15,5
"410",100,60,3
"411",70,999,3
"412",85,40,4
"413",70,50,7
"414",85,30,7
"415",85,30,1
"416",-6,-6,2
"417",85,70,3
"418",60,70,1
"419",70,60,5
"420",50,50,2
"421",50,50,4
"422",70,30,6
"423",998,998,2
"424",-6,-6,7
"425",100,0,1
"426",-6,-6,3
"427",100,0,2
"428",70,40,6
"429",60,50,3
"430",85,40,3
"431",-6,-6,7
"432",100,0,7
"433",-6,-6,2
"434",60,0,5
"435",85,15,7
"436",-6,-6,5
"437",60,60,5
"438",100,30,5
"439",85,40,5
"440",50,50,5
"441",85,15,7
"442",85,30,4
"443",85,85,1
"444",70,998,5
"445",100,85,7
"446",100,50,5
"447",100,40,2
"448",10,50,2
"449",0,999,5
"450",70,60,3
"451",100,100,1
"452",85,50,2
"453",85,0,7
"454",40,60,2
"455",100,998,7
"456",100,0,7
"457",70,70,6
"458",-6,-6,1
"459",40,50,4
"460",-6,-6,3
"461",-6,-6,3
"462",999,0,6
"463",70,60,5
"464",85,50,7
"465",30,100,3
"466",-6,-6,3
"467",-6,-6,7
"468",100,70,6
"469",100,30,5
"470",70,100,4
"471",-6,-6,3
"472",100,60,7
"473",15,100,5
"474",85,50,7
"475",85,60,2
"476",50,70,4
"477",85,85,3
"478",80,0,5
"479",70,50,5
"480",70,50,3
"481",50,100,2
"482",-6,-6,6
"483",85,70,4
"484",70,50,7
"485",-6,-6,7
"486",70,70,6
"487",70,100,2
"488",100,100,1
"489",70,85,3
"490",70,50,6
"491",100,0,7
"492",-6,-6,7
"493",50,50,4
"494",40,85,2
"495",85,85,3
"496",100,85,4
"497",85,50,5
"498",30,85,4
"499",-6,-6,4
"500",70,0,-8
"501",100,0,5
"502",100,50,1
"503",85,30,5
"504",70,39,3
"505",90,70,4
"506",70,40,6
"507",85,0,7
"508",70,70,3
"509",60,50,4
"510",50,85,6
"511",85,40,5
"512",100,85,4
"513",85,0,5
"514",70,85,1
"515",100,999,6
"516",-6,-6,4
"517",85,30,7
"518",100,0,7
"519",-6,-6,5
"520",50,50,2
"521",85,50,7
"522",70,50,4
"523",60,70,3
"524",70,50,5
"525",100,15,5
"526",85,100,5
"527",50,100,3
"528",0,85,6
"529",100,15,7
"530",85,0,7
"531",100,0,7
"532",70,30,5
"533",100,60,3
"534",100,0,3
"535",85,0,4
"536",85,100,5
"537",85,15,7
"538",100,40,2
"539",70,50,1
"540",40,85,1
"541",85,0,4
"542",85,40,7
"543",85,50,4
"544",70,30,7
"545",60,999,5
"546",85,50,5
"547",60,100,1
"548",100,15,3
"549",100,70,4
"550",40,50,5
"551",85,0,7
"552",70,40,2
"553",50,85,3
"554",85,15,7
"555",70,40,6
"556",100,0,7
"557",85,15,6
"558",100,0,7
"559",70,40,7
"560",40,60,1
"561",40,100,1
"562",65,0,4
"563",998,999,1
"564",50,50,5
"565",60,40,1
"566",85,70,2
"567",100,60,3
"568",60,50,1
"569",85,999,1
"570",85,50,1
"571",85,100,1
"572",0,70,4
"573",38,75,2
"574",70,60,1
"575",100,30,5
"576",60,15,5
"577",75,85,1
"578",100,999,5
"579",60,50,1
"580",-6,-6,6
"581",50,100,5
"582",100,60,7
"583",50,60,3
"584",100,100,4
"585",-6,-6,2
"586",100,70,1
"587",100,40,7
"588",100,100,2
"589",100,50,2
"590",85,70,5
"591",100,40,7
"592",70,85,3
"593",100,0,7
"594",-6,-6,1
"595",30,85,4
"596",70,0,7
"597",85,30,5
"598",40,85,3
"599",15,100,1
"600",-6,-6,3
"601",70,85,3
"602",100,100,7
"603",60,50,6
"604",60,85,3
"605",100,100,6
"606",70,70,3
"607",100,85,1
"608",85,85,3
"609",85,0,6
"610",85,85,3
"611",100,0,7
"612",85,50,2
"613",70,50,6
"614",100,30,5
"615",60,100,2
"616",50,50,5
"617",85,15,7
"618",70,50,5
"619",100,15,7
"620",60,0,3
"621",100,70,3
"622",40,85,2
"623",85,0,2
"624",85,60,6
"625",70,50,1
"626",-6,-6,1
"627",100,40,1
"628",50,50,1
"629",85,0,5
"630",100,40,7
"631",50,50,4
"632",100,100,3
"633",50,15,7
"634",60,100,1
"635",100,0,7
"636",50,0,2
"637",50,70,1
"638",85,0,5
"639",-6,-6,7
"640",60,70,4
"641",70,70,2
"642",85,50,4
"643",85,50,5
"644",85,30,7
"645",40,85,2
"646",85,50,5
"647",40,60,2
"648",70,30,6
"649",70,85,1
"650",-6,-6,1
"651",50,50,1
"652",70,50,4
"653",100,60,1
"654",70,30,5
"655",60,60,7
"656",100,0,5
"657",70,999,4
"658",100,85,4
"659",-6,-6,1
"660",60,40,5
"661",70,50,6
"662",50,50,5
"663",40,70,1
"664",85,0,5
"665",85,100,3
"666",60,40,2
"667",50,85,1
"668",100,40,6
"669",70,50,6
"670",70,50,4
"671",50,50,3
"672",60,50,5
"673",70,50,2
"674",70,15,2
"675",85,50,4
"676",70,15,5
"677",70,30,4
"678",100,999,1
"679",85,85,2
"680",-6,-6,1
"681",100,50,1
"682",40,70,1
"683",-6,-6,4
"684",70,70,5
"685",60,40,2
"686",85,70,1
"687",100,30,7
"688",85,85,4
"689",100,0,6
"690",60,85,2
"691",70,0,4
"692",100,15,2
"693",70,40,6
"694",85,50,1
"695",60,100,3
"696",100,0,7
"697",70,60,2
"698",85,30,7
"699",70,50,2
"700",100,15,5
"701",85,100,5
"702",70,0,6
"703",70,100,4
"704",40,85,1
"705",85,70,-8
"706",100,85,1
"707",85,30,5
"708",-6,-6,5
"709",30,0,3
"710",-6,-6,5
"711",40,85,1
"712",85,85,2
"713",85,50,1
"714",100,100,1
"715",100,50,5
"716",100,70,6
"717",85,30,7
"718",100,50,3
"719",85,50,5
"720",85,0,7
"721",100,15,1
"722",85,85,3
"723",45,70,3
"724",50,85,2
"725",100,100,5
"726",100,50,5
"727",60,40,3
"728",85,15,3
"729",100,50,7
"730",100,70,6
"731",-6,-6,7
"732",40,60,3
"733",50,50,4
"734",100,85,5
"735",85,50,5
"736",85,85,6
"737",60,60,1
"738",100,100,3
"739",30,85,1
"740",60,85,1
"741",85,15,6
"742",70,50,1
"743",50,999,4
"744",50,0,4
"745",100,15,2
"746",85,85,4
"747",70,100,1
"748",-6,-6,7
"749",70,60,3
"750",60,40,6
"751",70,70,3
"752",100,100,2
"753",85,40,3
"754",30,100,3
"755",85,30,7
"756",100,0,7
"757",100,30,5
"758",40,70,4
"759",100,0,5
"760",40,85,4
"761",-6,-6,2
"762",60,70,5
"763",60,40,5
"764",85,50,6
"765",85,100,2
"766",85,70,3
"767",50,65,3
"768",50,30,7
"769",-6,-6,7
"770",85,40,7
"771",50,50,7
"772",100,0,1
"773",70,85,1
"774",-6,-6,3
"775",70,40,1
"776",0,100,1
"777",60,998,1
"778",90,65,2
"779",60,85,4
"780",85,0,3
"781",70,30,5
"782",85,85,1
"783",85,100,1
"784",85,60,3
"785",-9,60,2
"786",50,40,5
"787",60,40,6
"788",-6,-6,5
"789",60,60,5
"790",60,50,1
"791",60,100,4
"792",85,100,1
"793",75,15,7
"794",85,40,1
"795",85,40,6
"796",60,60,3
"797",85,30,5
"798",85,70,4
"799",80,0,7
"800",85,100,1
"801",100,100,7
"802",70,70,3
"803",50,40,2
"804",70,30,2
"805",70,50,4
"806",70,50,4
"807",100,60,7
"808",15,0,5
"809",100,0,7
"810",70,50,7
"811",60,100,1
"812",70,85,1
"813",85,60,1
"814",85,70,2
"815",50,50,1
"816",100,70,1
"817",70,30,5
"818",60,40,5
"819",70,50,3
"820",85,40,7
"821",60,85,2
"822",30,15,7
"823",85,85,3
"824",100,30,6
"825",100,0,7
"826",100,70,1
"827",60,50,-8
"828",70,15,6
"829",100,0,7
"830",60,60,1
"831",50,50,-9
"832",100,50,7
"833",-6,-6,1
"834",85,60,1
"835",100,70,6
"836",-6,-6,4
"837",100,0,7
"838",70,50,6
"839",-6,-6,3
"840",85,15,6
"841",100,30,6
"842",85,60,1
"843",85,0,4
"844",-6,-6,6
"845",60,60,2
"846",85,50,3
"847",70,15,4
"848",85,85,3
"849",50,999,1
"850",90,100,5
"851",70,50,1
"852",85,15,5
"853",85,60,3
"854",60,70,4
"855",10,11,3
"856",50,100,4
"857",-6,-6,5
"858",85,40,5
"859",100,0,6
"860",100,0,5
"861",85,0,7
"862",100,50,5
"863",85,50,6
"864",60,80,1
"865",100,30,5
"866",85,0,5
"867",85,30,4
"868",50,40,2
"869",60,50,4
"870",40,85,3
"871",85,60,6
"872",30,50,1
"873",85,15,5
"874",60,60,2
"875",85,50,7
"876",100,50,3
"877",100,70,6
"878",-6,-6,7
"879",-6,-6,3
"880",65,50,3
"881",85,70,1
"882",85,50,1
"883",15,70,2
"884",85,0,7
"885",70,999,2
"886",85,30,6
"887",70,30,7
"888",70,40,7
"889",70,40,4
"890",85,70,1
"891",100,50,7
"892",70,30,5
"893",100,0,5
"894",100,0,5
"895",85,70,3
"896",100,0,5
"897",70,998,6
"898",60,85,1
"899",70,40,7
"900",85,999,1
"901",85,60,2
"902",8,2,3
"903",50,60,2
"904",70,85,3
"905",60,15,5
"906",85,0,6
"907",50,50,1
"908",85,85,4
"909",85,50,3
"910",50,50,3
"911",70,30,5
"912",60,100,1
"913",70,40,3
"914",85,40,1
"915",85,70,6
"916",70,70,2
"917",85,0,6
"918",70,85,1
"919",50,50,6
"920",100,0,5
"921",-6,-6,6
"922",100,50,2
"923",50,50,1
"924",100,0,7
"925",50,0,4
"926",85,60,4
"927",85,40,2
"928",70,30,6
"929",100,0,7
"930",100,100,2
"931",85,85,5
"932",50,50,1
"933",100,0,5
"934",70,60,1
"935",85,100,1
"936",70,100,2
"937",50,60,3
"938",85,85,3
"939",70,0,6
"940",70,30,3
"941",80,999,4
"942",100,999,7
"943",100,70,2
"944",50,0,4
"945",70,85,1
"946",-6,-6,4
"947",100,50,5
"948",70,70,6
"949",60,60,1
"950",85,50,1
"951",60,85,2
"952",60,50,1
"953",70,50,2
"954",-6,-6,6
"955",100,0,6
"956",100,85,6
"957",85,15,4
"958",60,75,2
"959",100,50,3
"960",100,50,1
"961",70,85,2
"962",85,0,7
"963",70,50,2
"964",85,40,7
"965",70,40,6
"966",85,85,6
"967",100,0,5
"968",60,100,2
"969",100,999,2
"970",30,50,4
"971",85,70,6
"972",100,0,5
"973",85,50,4
"974",60,85,1
"975",85,60,1
"976",50,50,4
"977",85,100,5
"978",70,85,3
"979",85,999,3
"980",100,85,-8
"981",50,50,4
"982",50,100,1
"983",-6,-6,4
"984",100,50,2
"985",85,85,3
"986",50,50,3
"987",85,100,5
"988",100,0,7
"989",70,6,7
"990",85,85,1
"991",85,15,2
"992",70,50,4
"993",70,50,-8
"994",85,85,3
"995",85,50,6
"996",85,0,7
"997",85,40,6
"998",-6,-6,5
"999",-6,-6,-8
"1000",100,85,4
"1001",50,70,3
"1002",85,70,3
"1003",100,85,1
"1004",100,0,6
"1005",70,0,7
"1006",70,60,4
"1007",70,60,1
"1008",85,50,4
"1009",70,30,7
"1010",90,100,5
"1011",70,85,1
"1012",85,85,1
"1013",70,15,2
"1014",-6,-6,7
"1015",70,50,5
"1016",85,30,2
"1017",85,100,1
"1018",-6,-6,7
"1019",70,30,5
"1020",100,40,6
"1021",85,70,5
"1022",60,0,7
"1023",70,0,7
"1024",30,85,1
"1025",100,0,4
"1026",85,85,2
"1027",100,70,3
"1028",70,60,3
"1029",85,70,2
"1030",30,100,2
"1031",100,50,4
"1032",99,40,6
"1033",0,100,3
"1034",85,30,5
"1035",70,100,1
"1036",40,100,3
"1037",70,70,5
"1038",100,0,7
"1039",100,100,3
"1040",100,15,7
"1041",70,50,6
"1042",75,30,5
"1043",100,85,6
"1044",85,100,1
"1045",50,40,6
"1046",50,40,4
"1047",60,40,1
"1048",85,70,3
"1049",85,50,3
"1050",60,100,1
"1051",85,40,3
"1052",0,100,3
"1053",40,85,7
"1054",-6,-6,2
"1055",100,70,3
"1056",100,100,-8
"1057",100,40,6
"1058",85,0,6
"1059",85,70,3
"1060",85,0,5
"1061",100,0,7
"1062",100,60,7
"1063",60,70,1
"1064",-6,-6,3
"1065",85,0,7
"1066",100,50,3
"1067",50,60,1
"1068",70,85,2
"1069",85,50,2
"1070",85,100,1
"1071",50,0,5
"1072",-6,-6,-8
"1073",50,40,3
"1074",70,70,1
"1075",100,60,6
"1076",-6,-6,3
"1077",-6,-6,7
"1078",85,50,2
"1079",-6,-6,5
"1080",998,998,-8
"1081",100,100,1
"1082",100,15,7
"1083",60,40,5
"1084",85,50,-8
"1085",70,50,3
"1086",85,70,3
"1087",-6,-6,2
"1088",100,0,7
"1089",70,60,6
"1090",-6,-6,4
"1091",85,70,6
"1092",-6,-6,7
"1093",100,0,7
"1094",60,70,4
"1095",40,85,2
"1096",65,50,2
"1097",100,15,7
"1098",85,60,4
"1099",40,50,4
"1100",85,100,1
"1101",60,60,6
"1102",85,0,7
"1103",100,0,6
"1104",70,15,5
"1105",70,15,5
"1106",85,70,2
"1107",85,30,2
"1108",85,50,5
"1109",100,0,7
"1110",85,40,7
"1111",-6,-6,7
"1112",100,100,2
"1113",80,85,1
"1114",70,50,7
"1115",15,100,3
"1116",100,0,5
"1117",50,70,2
"1118",-6,-6,1
"1119",60,40,7
"1120",-6,-6,4
"1121",85,50,3
"1122",85,85,6
"1123",100,30,4
"1124",85,30,7
"1125",-6,-6,4
"1126",60,60,3
"1127",60,70,3
"1128",70,70,3
"1129",100,30,6
"1130",50,50,4
"1131",85,60,1
"1132",100,85,1
"1133",100,0,5
"1134",85,40,5
"1135",70,0,4
"1136",50,50,2
"1137",30,100,1
"1138",100,30,5
"1139",-6,-6,5
"1140",70,70,1
"1141",85,30,7
"1142",85,85,1
"1143",100,50,7
"1144",90,50,6
"1145",40,70,2
"1146",100,40,4
"1147",80,60,4
"1148",70,60,1
"1149",80,90,1
"1150",60,60,4
"1151",100,85,1
"1152",50,30,2
"1153",30,70,4
"1154",-6,-6,1
"1155",100,0,4
"1156",85,30,5
"1157",100,50,5
"1158",85,85,3
"1159",85,85,3
"1160",75,70,1
"1161",25,80,1
"1162",70,85,-9
"1163",80,0,6
"1164",-6,-6,1
"1165",85,85,3
"1166",100,15,6
"1167",-6,-6,6
"1168",-6,-6,1
"1169",50,50,2
"1170",70,60,6
"1171",85,85,1
"1172",70,30,6
"1173",100,70,6
"1174",85,50,5
"1175",-6,-6,6
"1176",100,40,5
"1177",100,50,7
"1178",60,70,1
"1179",-6,-6,5
"1180",85,15,7
"1181",100,998,1
"1182",99,50,4
"1183",50,16,4
"1184",85,60,6
"1185",62,61,1
"1186",84,21,3
"1187",89,61,1
"1188",70,65,1
"1189",85,0,7
"1190",100,100,1
"1191",59,2,4
"1192",30,100,2
"1193",70,60,4
"1194",100,0,7
"1195",97,0,5
"1196",92,1,5
"1197",60,10,5
"1198",-7,-7,1
"1199",50,60,1
"1200",71,0,7
"1201",-6,-6,5
"1202",77,35,7
"1203",70,100,4
"1204",40,70,3
"1205",70,31,7
"1206",100,0,1
"1207",99,53,1
"1208",85,15,7
"1209",100,0,5
"1210",-9,-9,1
"1211",85,40,5
"1212",-9,45,3
"1213",89,100,3
"1214",-6,-6,4
"1215",97,14,6
"1216",85,16,7
"1217",85,70,1
"1218",99,91,6
"1219",84,80,1
"1220",100,0,4
"1221",60,40,4
"1222",85,50,3
"1223",100,9,6
"1224",68,50,4
"1225",75,50,4
"1226",0,85,4
"1227",-6,-6,1
"1228",0,100,1
"1229",79,45,6
"1230",40,100,1
"1231",40,100,1
"1232",70,50,6
"1233",85,50,6
"1234",100,70,6
"1235",100,0,6
"1236",0,70,4
"1237",85,71,1
"1238",70,60,4
"1239",100,60,1
"1240",10,100,2
"1241",80,50,1
"1242",85,40,4
"1243",30,40,2
"1244",85,15,7
"1245",70,20,6
"1246",70,70,1
"1247",75,60,3
"1248",81,1,6
"1249",93,0,7
"1250",-6,-6,1
"1251",-7,-7,5
"1252",100,0,7
"1253",71,52,6
"1254",70,50,1
"1255",100,0,6
"1256",85,30,7
"1257",100,0,1
"1258",100,40,6
"1259",75,15,6
"1260",100,17,4
"1261",85,15,6
"1262",0,0,4
"1263",70,60,2
"1264",85,100,6
"1265",83,0,7
"1266",98,1,5
"1267",85,85,2
"1268",91,50,6
"1269",-7,-7,4
"1270",100,70,1
"1271",100,0,7
"1272",85,0,7
"1273",-7,-7,6
"1274",70,100,4
"1275",100,0,7
"1276",96,15,7
"1277",70,40,4
"1278",70,90,1
"1279",60,0,5
"1280",70,50,6
"1281",70,50,2
"1282",60,0,6
"1283",88,15,2
"1284",43,71,4
"1285",70,30,4
"1286",87,74,2
"1287",70,51,6
"1288",100,0,5
"1289",85,40,5
"1290",70,85,5
"1291",75,70,1
"1292",15,15,4
"1293",85,70,1
"1294",85,15,7
"1295",100,40,7
"1296",-6,-6,1
"1297",85,60,2
"1298",85,16,5
"1299",70,60,1
"1300",85,0,6
"1301",90,53,3
"1302",100,60,7
"1303",70,35,1
"1304",85,-9,6
"1305",70,65,6
"1306",40,60,1
"1307",85,70,3
"1308",-6,-6,4
"1309",90,15,7
"1310",90,30,7
"1311",100,0,7
"1312",70,40,4
"1313",60,70,1
"1314",-6,-6,1
"1315",-6,-6,1
"1316",100,100,3
"1317",71,100,1
"1318",70,70,2
"1319",-6,-6,4
"1320",100,50,1
"1321",100,80,1
"1322",61,42,4
"1323",70,0,3
"1324",88,67,5
"1325",-6,-6,1
"1326",100,85,4
"1327",71,15,7
"1328",97,2,5
"1329",15,85,3
"1330",70,100,1
"1331",85,76,1
"1332",15,60,4
"1333",-6,-6,3
"1334",92,2,7
"1335",-6,-6,7
"1336",70,16,5
"1337",-6,-6,2
"1338",-6,-6,4
"1339",72,43,4
"1340",100,0,7
"1341",100,0,7
"1342",72,84,4
"1343",-6,-6,7
"1344",70,15,6
"1345",80,60,3
"1346",85,82,2
"1347",71,71,2
"1348",70,30,3
"1349",-6,-6,4
"1350",100,1,7
"1351",100,50,2
"1352",0,70,4
"1353",70,100,1
"1354",85,85,1
"1355",-6,-6,2
"1356",94,16,5
"1357",70,100,1
"1358",-6,-6,2
"1359",-6,-6,2
"1360",-7,-7,2
"1361",-6,-6,3
"1362",95,100,3
"1363",60,40,2
"1364",50,50,5
"1365",85,30,3
"1366",-6,-6,3
"1367",-6,-6,2
"1368",100,0,7
"1369",100,1,4
"1370",-6,-6,7
"1371",85,0,5
"1372",87,2,4
"1373",100,60,4
"1374",70,0,5
"1375",100,0,7
"1376",15,100,1
"1377",85,85,1
"1378",86,18,3
"1379",91,41,1
"1380",100,0,5
"1381",92,41,4
"1382",85,100,1
"1383",60,50,1
"1384",80,5,5
"1385",-6,-6,7
"1386",85,30,4
"1387",-6,-6,1
"1388",-6,-6,4
"1389",85,50,4
"1390",75,0,6
"1391",72,31,1
"1392",-6,-6,7
"1393",-7,-7,4
"1394",85,51,5
"1395",83,71,1
"1396",60,30,5
"1397",100,100,7
"1398",100,16,7
"1399",90,50,1
"1400",100,0,6
"1401",99,3,2
"1402",30,0,6
"1403",60,60,3
"1404",85,15,2
"1405",70,85,1
"1406",95,10,1
"1407",-7,-7,7
"1408",-6,-6,7
"1409",85,2,5
"1410",-6,-6,7
"1411",85,85,4
"1412",-6,-6,4
"1413",41,2,7
"1414",50,0,4
"1415",100,0,1
"1416",87,75,2
"1417",90,40,5
"1418",100,1,7
"1419",70,60,5
"1420",77,33,5
"1421",30,40,4
"1422",85,85,2
"1423",85,50,1
"1424",85,50,2
"1425",85,70,3
"1426",-7,-7,7
"1427",100,0,4
"1428",85,60,7
"1429",30,50,1
"1430",70,50,2
"1431",100,85,6
"1432",70,15,5
"1433",53,40,2
"1434",70,70,2
"1435",69,96,1
"1436",91,41,1
"1437",15,50,1
"1438",70,0,3
"1439",50,40,4
"1440",93,67,6
"1441",70,15,4
"1442",-6,-6,1
"1443",97,41,6
"1444",85,51,4
"1445",-6,-6,1
"1446",75,66,1
"1447",60,85,3
"1448",85,60,1
"1449",-6,-6,7
"1450",80,50,6
"1451",-6,-6,2
"1452",51,60,1
"1453",70,68,2
"1454",100,0,6
"1455",99,50,6
"1456",0,50,1
"1457",90,0,7
"1458",-6,-6,5
"1459",85,15,7
"1460",89,29,5
"1461",86,3,5
"1462",65,85,1
"1463",83,0,4
"1464",-6,-6,4
"1465",86,71,2
"1466",69,30,5
"1467",99,99,3
"1468",85,90,4
"1469",15,15,6
"1470",99,30,6
"1471",90,0,7
"1472",70,60,4
"1473",85,70,1
"1474",38,16,3
"1475",100,100,2
"1476",85,0,7
"1477",100,0,7
"1478",85,50,7
"1479",100,70,2
"1480",72,35,2
"1481",100,98,1
"1482",85,70,7
"1483",70,30,5
"1484",100,16,7
"1485",30,50,3
"1486",-6,-6,4
"1487",75,90,1
"1488",60,50,6
"1489",-6,-6,1
"1490",51,86,3
"1491",84,1,3
"1492",-6,-6,4
"1493",86,62,7
"1494",100,15,7
"1495",-6,-6,1
"1496",100,0,7
"1497",40,71,1
"1498",100,50,1
"1499",-6,-6,4
"1500",70,85,1
"1501",71,40,3
"1502",100,30,2
"1503",-6,-6,4
"1504",-6,-6,7
"1505",-6,-6,7
"1506",53,50,1
"1507",81,57,2
"1508",-6,-6,1
"1509",85,0,5
"1510",99,1,7
"1511",-6,-6,3
"1512",85,5,6
"1513",15,85,3
"1514",-6,-6,2
"1515",85,15,7
"1516",85,70,1
"1517",85,15,7
"1518",100,0,7
"1519",50,100,1
"1520",70,100,1
"1521",79,76,1
"1522",54,1,2
"1523",85,0,5
"1524",-6,-6,2
"1525",97,51,3
"1526",-6,-6,3
"1527",100,1,7
"1528",85,100,2
"1529",66,73,7
"1530",60,53,3
"1531",100,0,1
"1532",100,10,4
"1533",100,90,2
"1534",34,100,3
"1535",95,71,2
"1536",100,100,1
"1537",50,51,2
"1538",94,60,4
"1539",-7,-7,3
"1540",85,85,7
"1541",100,97,7
"1542",23,100,2
"1543",100,60,6
"1544",51,52,3
"1545",70,0,7
"1546",100,40,7
"1547",98,6,2
"1548",-6,-6,2
"1549",99,29,7
"1550",60,0,2
"1551",-6,-6,2
"1552",50,50,6
"1553",-6,-6,4
"1554",82,33,6
"1555",100,0,6
"1556",15,1,4
"1557",-6,-6,1
"1558",100,48,7
"1559",-6,-6,1
"1560",100,15,7
"1561",70,50,1
"1562",71,50,2
"1563",-6,-6,6
"1564",100,0,6
"1565",40,0,7
"1566",21,35,3
"1567",100,0,6
"1568",40,100,1
"1569",70,50,2
"1570",70,70,3
"1571",85,30,4
"1572",70,50,4
"1573",99,1,4
"1574",85,70,4
"1575",85,40,5
"1576",16,100,2
"1577",70,70,2
"1578",85,0,4
"1579",9,0,7
"1580",71,76,1
"1581",1,100,1
"1582",95,0,7
"1583",-6,-6,7
"1584",60,15,2
"1585",87,50,2
"1586",80,51,5
"1587",-7,-7,1
"1588",-6,-6,6
"1589",70,40,3
"1590",70,60,6
"1591",70,70,1
"1592",100,0,7
"1593",94,0,7
"1594",94,98,1
"1595",30,50,4
"1596",-6,-6,6
"1597",-6,-6,1
"1598",-6,-6,3
"1599",85,50,4
"1600",-6,-6,5
"1601",-6,-6,4
"1602",71,51,-9
"1603",71,44,6
"1604",70,60,2
"1605",100,15,7
"1606",-6,-6,7
"1607",100,100,2
"1608",-6,-6,1
"1609",70,60,4
"1610",70,40,2
"1611",85,60,2
"1612",40,50,2
"1613",50,100,1
"1614",95,0,4
"1615",42,99,1
"1616",85,70,5
"1617",100,40,2
"1618",93,9,3
"1619",69,68,1
"1620",70,50,7
"1621",80,35,1
"1622",100,100,4
"1623",-7,-7,6
"1624",70,87,6
"1625",85,0,5
"1626",85,50,2
"1627",100,85,1
"1628",55,50,7
"1629",70,70,3
"1630",81,0,6
"1631",-6,-6,1
"1632",-7,-7,6
"1633",51,51,4
"1634",-6,-6,1
"1635",60,60,2
"1636",100,100,1
"1637",0,100,2
"1638",50,0,4
"1639",85,40,5
"1640",70,60,2
"1641",100,50,5
"1642",91,51,4
"1643",85,40,6
"1644",81,51,7
"1645",85,15,7
"1646",85,70,3
"1647",70,15,3
"1648",50,61,2
"1649",100,0,7
"1650",-6,-6,7
"1651",85,0,7
"1652",85,0,5
"1653",40,30,5
"1654",84,5,7
"1655",50,15,1
"1656",85,60,3
"1657",-6,-6,1
"1658",85,0,5
"1659",60,50,5
"1660",82,2,7
"1661",70,85,1
"1662",70,50,1
"1663",85,70,2
"1664",61,42,5
"1665",30,100,1
"1666",-6,-6,6
"1667",70,50,6
"1668",100,100,2
"1669",85,50,7
"1670",100,0,7
"1671",85,0,4
"1672",-6,-6,6
"1673",-6,-6,6
"1674",100,50,4
"1675",86,52,4
"1676",85,50,4
"1677",40,55,1
"1678",85,0,7
"1679",85,40,6
"1680",70,0,7
"1681",30,60,2
"1682",85,40,6
"1683",3,100,1
"1684",84,50,6
"1685",61,69,1
"1686",85,70,4
"1687",85,30,5
"1688",71,51,1
"1689",0,85,2
"1690",100,16,4
"1691",100,85,7
"1692",86,51,6
"1693",60,60,1
"1694",88,0,1
"1695",-6,-6,1
"1696",50,100,4
"1697",93,50,1
"1698",-6,-6,6
"1699",85,15,6
"1700",85,89,6
"1701",41,26,4
"1702",85,15,6
"1703",70,15,7
"1704",-6,-6,7
"1705",85,0,7
"1706",100,30,7
"1707",85,15,7
"1708",70,85,3
"1709",85,60,6
"1710",96,100,1
"1711",100,0,7
"1712",60,30,6
"1713",79,42,2
"1714",80,15,6
"1715",86,9,7
"1716",-6,-6,4
"1717",96,30,7
"1718",-6,-6,1
"1719",40,85,3
"1720",100,0,6
"1721",60,70,4
"1722",100,70,2
"1723",50,70,1
"1724",85,100,6
"1725",100,-9,6
"1726",100,15,6
"1727",50,75,3
"1728",41,60,3
"1729",-7,-7,5
"1730",70,60,2
"1731",60,16,4
"1732",93,31,1
"1733",-6,-6,5
"1734",40,50,3
"1735",100,0,6
"1736",100,100,1
"1737",85,50,4
"1738",98,48,1
"1739",90,50,4
"1740",70,15,4
"1741",85,50,4
"1742",79,16,5
"1743",94,17,7
"1744",100,0,7
"1745",40,70,1
"1746",85,85,3
"1747",85,15,7
"1748",-6,-6,7
"1749",85,30,3
"1750",64,40,5
"1751",85,29,6
"1752",-6,-6,4
"1753",-7,-7,5
"1754",100,0,7
"1755",60,52,6
"1756",85,0,5
"1757",78,50,5
"1758",71,15,6
"1759",100,0,5
"1760",100,100,1
"1761",-7,-7,4
"1762",48,5,5
"1763",30,50,3
"1764",-7,-7,7
"1765",85,15,7
"1766",61,21,6
"1767",-6,-6,7
"1768",58,40,2
"1769",100,0,2
"1770",100,0,7
"1771",-7,-7,2
"1772",94,95,1
"1773",99,0,7
"1774",84,31,1
"1775",85,30,5
"1776",-6,-6,1
"1777",-6,-6,2
"1778",16,84,1
"1779",-6,-6,-9
"1780",50,15,2
"1781",68,12,2
"1782",-6,-6,1
"1783",-6,-6,1
"1784",100,40,7
"1785",100,70,1
"1786",71,86,4
"1787",61,86,2
"1788",100,100,2
"1789",78,80,4
"1790",60,40,1
"1791",98,0,7
"1792",79,30,3
"1793",50,40,4
"1794",40,100,1
"1795",83,0,5
"1796",70,100,3
"1797",83,30,5
"1798",55,50,2
"1799",50,0,4
"1800",100,0,5
"1801",70,50,1
"1802",86,-9,6
"1803",40,32,4
"1804",100,41,6
"1805",85,100,1
"1806",100,100,3
"1807",98,100,3
"1808",-6,-6,5
"1809",81,5,7
"1810",100,0,5
"1811",61,97,3
"1812",70,40,6
"1813",50,50,3
"1814",-7,-7,2
"1815",100,50,1
"1816",98,27,7
"1817",40,90,1
"1818",85,0,7
"1819",60,41,6
"1820",86,61,7
"1821",60,60,4
"1822",70,100,2
"1823",85,85,1
"1824",25,100,1
"1825",100,39,7
"1826",85,60,4
"1827",85,15,6
"1828",99,1,7
"1829",100,85,5
"1830",85,50,6
"1831",39,5,5
"1832",85,100,1
"1833",39,60,3
"1834",99,0,2
"1835",50,50,2
"1836",71,41,1
"1837",-6,-6,1
"1838",100,0,7
"1839",97,5,1
"1840",70,100,6
"1841",85,60,1
"1842",100,0,5
"1843",100,0,7
"1844",0,55,2
"1845",85,100,4
"1846",-6,-6,4
"1847",85,0,6
"1848",60,40,3
"1849",85,70,4
"1850",85,50,2
"1851",-7,-7,6
"1852",-7,-7,3
"1853",-6,-6,4
"1854",60,60,4
"1855",95,70,2
"1856",100,0,7
"1857",50,50,4
"1858",95,14,6
"1859",42,50,1
"1860",-6,-6,4
"1861",-6,-6,2
"1862",-7,-7,1
"1863",87,15,6
"1864",-6,-6,1
"1865",70,35,3
"1866",85,60,7
"1867",60,30,6
"1868",40,70,3
"1869",86,17,5
"1870",-6,-6,3
"1871",86,52,4
"1872",66,85,3
"1873",85,15,5
"1874",85,100,1
"1875",0,0,3
"1876",-6,-6,7
"1877",-6,-6,1
"1878",100,3,6
"1879",100,30,7
"1880",79,15,7
"1881",86,41,7
"1882",70,50,6
"1883",-6,-6,2
"1884",70,85,2
"1885",-9,-9,-9
"1886",-6,-6,7
"1887",-6,-6,2
"1888",69,81,3
"1889",70,50,7
"1890",85,40,1
"1891",30,60,7
"1892",80,50,4
"1893",39,73,2
"1894",100,0,7
"1895",55,0,4
"1896",100,0,7
"1897",97,12,7
"1898",-6,-6,4
"1899",0,70,1
"1900",85,1,6
"1901",85,0,7
"1902",70,70,6
"1903",70,61,1
"1904",50,70,1
"1905",85,70,7
"1906",69,40,2
"1907",85,0,7
"1908",100,15,5
"1909",40,85,1
"1910",16,71,1
"1911",60,85,1
"1912",100,85,6
"1913",-6,-6,1
"1914",60,84,1
"1915",61,100,1
"1916",85,100,1
"1917",100,85,1
"1918",70,0,4
"1919",-9,-9,4
"1920",50,40,3
"1921",85,100,2
"1922",-7,-7,1
"1923",60,50,2
"1924",-6,-6,1
"1925",85,59,5
"1926",70,44,7
"1927",75,75,1
"1928",50,70,2
"1929",-6,-6,5
"1930",100,40,3
"1931",85,15,7
"1932",56,95,1
"1933",85,50,4
"1934",-6,-6,3
"1935",70,70,3
"1936",99,0,6
"1937",70,60,4
"1938",100,2,7
"1939",60,70,5
"1940",99,1,4
"1941",78,30,6
"1942",-6,-6,4
"1943",55,15,1
"1944",50,50,4
"1945",-7,-7,7
"1946",16,50,4
"1947",-6,-6,6
"1948",70,7,7
"1949",60,100,1
"1950",-6,-6,7
"1951",83,80,2
"1952",-7,-7,3
"1953",53,50,4
"1954",95,32,5
"1955",-6,-6,4
"1956",88,31,6
"1957",100,100,4
"1958",100,0,6
"1959",70,50,4
"1960",-6,-6,7
"1961",78,70,1
"1962",72,90,2
"1963",85,15,1
"1964",-6,-6,4
"1965",-6,-6,2
"1966",85,0,7
"1967",84,30,2
"1968",99,32,6
"1969",4,91,1
"1970",100,40,2
"1971",3,97,1
"1972",62,100,1
"1973",-7,-7,7
"1974",41,71,1
"1975",30,85,2
"1976",-7,-7,2
"1977",85,85,1
"1978",-7,-7,5
"1979",100,40,5
"1980",-6,-6,6
"1981",85,51,3
"1982",60,60,7
"1983",50,50,4
"1984",-6,-6,3
"1985",40,87,1
"1986",-6,-6,2
"1987",-6,-6,5
"1988",1,50,2
"1989",-6,-6,7
"1990",-6,-6,6
"1991",70,70,4
"1992",95,50,7
"1993",1,4,4
"1994",70,2,6
"1995",40,100,1
"1996",85,0,6
"1997",75,10,6
"1998",100,40,5
"1999",60,100,2
"2000",100,50,7
"2001",0,100,4
"2002",100,0,7
"2003",70,61,2
"2004",42,51,6
"2005",60,70,1
"2006",98,30,6
"2007",58,64,1
"2008",31,98,1
"2009",-6,-6,5
"2010",85,0,7
"2011",85,0,7
"2012",-6,-6,4
"2013",99,1,7
"2014",70,60,6
"2015",-6,-6,7
"2016",100,1,7
"2017",30,85,2
"2018",-6,-6,6
"2019",100,40,4
"2020",100,60,4
"2021",86,52,7
"2022",100,100,1
"2023",70,0,4
"2024",75,90,1
"2025",85,70,3
"2026",50,95,1
"2027",71,70,1
"2028",100,100,7
"2029",85,30,7
"2030",100,55,7
"2031",100,1,7
"2032",85,30,7
"2033",-6,-6,6
"2034",100,54,6
"2035",-6,-6,6
"2036",70,15,2
"2037",100,60,6
"2038",90,20,7
"2039",-6,-6,3
"2040",85,30,1
"2041",72,6,6
"2042",60,85,1
"2043",2,100,2
"2044",40,80,3
"2045",69,0,7
"2046",100,39,3
"2047",85,0,6
"2048",70,50,3
"2049",66,56,1
"2050",61,50,5
"2051",50,70,2
"2052",85,85,1
"2053",71,61,1
"2054",85,70,2
"2055",28,0,5
"2056",-6,-6,7
"2057",70,0,4
"2058",70,60,1
"2059",-6,-6,7
"2060",-7,-7,4
"2061",50,0,7
"2062",15,70,3
"2063",90,30,5
"2064",100,60,5
"2065",15,70,4
"2066",43,100,3
"2067",85,100,3
"2068",100,60,7
"2069",100,9,4
"2070",-6,-6,1
"2071",69,62,5
"2072",89,14,5
"2073",70,50,7
"2074",76,70,3
"2075",83,71,3
"2076",100,0,7
"2077",40,40,1
"2078",100,0,7
"2079",-6,-6,2
"2080",60,70,1
"2081",100,0,7
"2082",70,0,5
"2083",83,50,1
"2084",40,0,5
"2085",100,0,7
"2086",-6,-6,1
"2087",90,72,7
"2088",85,0,5
"2089",-6,-6,7
"2090",85,0,7
"2091",71,2,2
"2092",84,100,2
"2093",81,20,5
"2094",70,50,4
"2095",70,85,1
"2096",40,40,3
"2097",98,60,1
"2098",85,-9,-9
"2099",100,85,3
"2100",98,21,7
"2101",85,60,3
"2102",92,58,4
"2103",-7,-7,7
"2104",50,100,1
"2105",85,4,7
"2106",43,41,4
"2107",-6,-6,3
"2108",4,8,4
"2109",100,0,7
"2110",100,0,7
"2111",85,41,4
"2112",100,0,4
"2113",100,87,6
"2114",87,0,2
"2115",100,3,7
"2116",-7,-7,1
"2117",100,0,7
"2118",70,70,1
"2119",50,50,4
"2120",100,0,7
"2121",91,0,7
"2122",-6,-6,4
"2123",85,0,7
"2124",85,0,6
"2125",98,44,6
"2126",-6,-6,4
"2127",91,72,1
"2128",85,40,3
"2129",85,70,1
"2130",-6,-6,7
"2131",90,15,7
"2132",60,40,2
"2133",85,1,7
"2134",88,44,1
"2135",99,25,6
"2136",50,100,1
"2137",70,50,2
"2138",-6,-6,2
"2139",90,0,5
"2140",100,30,6
"2141",16,60,1
"2142",50,0,3
"2143",85,0,7
"2144",-6,-6,2
"2145",86,17,7
"2146",95,60,3
"2147",100,60,7
"2148",85,60,2
"2149",100,70,3
"2150",42,52,-9
"2151",85,40,4
"2152",-6,-6,6
"2153",70,65,1
"2154",70,85,1
"2155",100,50,6
"2156",60,79,3
"2157",-6,-6,1
"2158",30,40,4
"2159",96,2,6
"2160",0,100,4
"2161",40,100,4
"2162",100,15,5
"2163",71,15,5
"2164",22,36,5
"2165",35,100,3
"2166",89,0,6
"2167",-6,-6,6
"2168",50,0,7
"2169",60,60,3
"2170",70,60,4
"2171",40,45,2
"2172",40,100,1
"2173",70,70,2
"2174",99,16,6
"2175",85,50,1
"2176",70,100,1
"2177",85,100,4
"2178",74,78,1
"2179",70,85,1
"2180",60,40,1
"2181",90,0,7
"2182",84,50,7
"2183",-6,-6,6
"2184",51,55,3
"2185",99,0,7
"2186",-6,-6,4
"2187",85,0,7
"2188",80,40,6
"2189",-6,-6,1
"2190",60,100,1
"2191",97,50,4
"2192",78,54,2
"2193",98,1,7
"2194",98,50,1
"2195",50,70,5
"2196",-6,-6,4
"2197",-6,-6,7
"2198",-6,-6,2
"2199",85,15,6
"2200",100,50,4
"2201",49,49,3
"2202",85,50,4
"2203",-6,-6,2
"2204",100,30,6
"2205",-6,-6,2
"2206",-6,-6,2
"2207",41,0,6
"2208",-6,-6,1
"2209",-6,-6,1
"2210",-6,-6,5
"2211",97,2,5
"2212",86,31,2
"2213",-6,-6,2
"2214",100,0,5
"2215",60,40,1
"2216",60,50,3
"2217",30,0,4
"2218",70,70,4
"2219",-6,-6,4
"2220",-7,-7,7
"2221",85,0,6
"2222",80,80,1
"2223",65,40,6
"2224",100,100,1
"2225",60,96,1
"2226",85,0,4
"2227",15,85,2
"2228",100,60,4
"2229",60,85,1
"2230",50,50,1
"2231",85,30,1
"2232",69,68,1
"2233",98,85,1
"2234",73,6,3
"2235",60,30,5
"2236",60,65,2
"2237",60,85,1
"2238",85,57,4
"2239",80,50,7
"2240",85,50,4
"2241",-6,-6,5
"2242",100,15,4
"2243",40,30,3
"2244",-6,-6,5
"2245",71,59,1
"2246",77,16,2
"2247",40,100,2
"2248",95,5,5
"2249",80,40,6
"2250",69,50,4
"2251",50,61,1
"2252",100,50,5
"2253",15,40,2
"2254",85,0,5
"2255",69,98,1
"2256",85,0,7
"2257",15,-9,4
"2258",70,15,5
"2259",85,15,5
"2260",41,87,1
"2261",100,0,7
"2262",85,50,2
"2263",-7,-7,3
"2264",78,59,6
"2265",50,100,4
"2266",100,0,7
"2267",70,70,1
"2268",100,85,1
"2269",60,0,5
"2270",40,0,4
"2271",90,56,4
"2272",76,59,4
"2273",60,70,5
"2274",40,100,2
"2275",85,30,1
"2276",51,70,1
"2277",100,15,7
"2278",43,100,7
"2279",-6,-6,2
"2280",80,70,1
"2281",-7,-7,3
"2282",40,57,2
"2283",70,50,2
"2284",88,16,5
"2285",70,85,1
"2286",86,0,4
"2287",60,100,2
"2288",75,98,3
"2289",85,15,7
"2290",46,3,5
"2291",85,0,7
"2292",71,51,2
"2293",85,50,7
"2294",55,100,3
"2295",70,60,3
"2296",-6,-6,2
"2297",75,75,1
"2298",95,50,2
"2299",70,15,5
"2300",72,44,2
"2301",90,72,5
"2302",-6,-6,4
"2303",31,85,3
"2304",100,0,7
"2305",46,65,4
"2306",-6,-6,1
"2307",85,0,7
"2308",90,40,2
"2309",-6,-6,7
"2310",100,85,5
"2311",70,70,1
"2312",70,60,2
"2313",85,85,1
"2314",70,-9,7
"2315",-7,-7,2
"2316",-6,-6,4
"2317",-7,-7,7
"2318",-7,-7,1
"2319",100,2,7
"2320",70,66,4
"2321",92,0,5
"2322",100,60,3
"2323",60,60,1
"2324",82,80,3
"2325",92,2,7
"2326",86,9,4
"2327",100,0,2
"2328",90,70,1
"2329",70,85,2
"2330",93,68,1
"2331",70,60,2
"2332",75,15,1
"2333",72,50,7
"2334",100,70,1
"2335",85,60,2
"2336",-6,-6,5
"2337",70,50,6
"2338",85,50,6
"2339",70,70,3
"2340",90,50,6
"2341",100,0,7
"2342",80,30,3
"2343",-9,-9,4
"2344",-7,-7,1
"2345",40,100,1
"2346",-6,-6,4
"2347",85,0,7
"2348",100,49,1
"2349",70,50,3
"2350",85,0,5
"2351",84,48,4
"2352",-6,-6,4
"2353",73,72,1
"2354",0,100,1
"2355",84,70,2
"2356",100,0,7
"2357",-6,-6,7
"2358",95,0,5
"2359",70,50,4
"2360",70,70,2
"2361",50,0,7
"2362",61,41,5
"2363",73,52,7
"2364",86,1,7
"2365",40,70,1
"2366",-6,-6,4
"2367",-6,-6,5
"2368",60,70,6
"2369",69,59,3
"2370",-7,-7,2
"2371",60,60,4
"2372",-7,-7,1
"2373",70,100,1
"2374",40,30,2
"2375",100,59,5
"2376",60,15,4
"2377",-6,-6,3
"2378",-6,-6,2
"2379",-6,-6,7
"2380",70,50,4
"2381",85,100,2
"2382",-6,-6,6
"2383",69,71,3
"2384",2,99,7
"2385",96,17,5
"2386",50,50,4
"2387",40,60,1
"2388",87,51,1
"2389",50,95,1
"2390",60,85,2
"2391",60,85,1
"2392",70,40,4
"2393",84,33,2
"2394",85,15,3
"2395",86,50,6
"2396",100,40,1
"2397",86,100,2
"2398",84,40,7
"2399",85,15,7
"2400",-6,-6,3
"2401",70,85,1
"2402",73,40,1
"2403",70,100,1
"2404",70,40,6
"2405",70,50,3
"2406",73,0,4
"2407",70,70,2
"2408",40,100,1
"2409",74,45,1
"2410",100,15,6
"2411",-7,-7,6
"2412",71,59,6
"2413",85,70,5
"2414",84,73,2
"2415",89,65,5
"2416",85,85,1
"2417",85,40,7
"2418",98,6,6
"2419",0,100,1
"2420",84,100,2
"2421",70,70,4
"2422",99,1,4
"2423",50,60,1
"2424",86,41,7
"2425",-6,-6,7
"2426",82,16,6
"2427",69,50,1
"2428",81,99,2
"2429",70,40,4
"2430",90,0,6
"2431",85,-9,2
"2432",100,50,5
"2433",60,50,1
"2434",40,40,1
"2435",100,100,3
"2436",99,0,3
"2437",100,70,2
"2438",90,0,5
"2439",83,99,1
"2440",75,20,3
"2441",60,50,3
"2442",100,60,2
"2443",-7,-7,5
"2444",90,10,3
"2445",70,99,1
"2446",70,90,2
"2447",-6,-6,5
"2448",100,0,4
"2449",70,16,6
"2450",87,22,7
"2451",-6,-6,1
"2452",3,84,2
"2453",94,100,1
"2454",85,85,1
"2455",85,30,6
"2456",100,15,7
"2457",96,87,1
"2458",75,3,4
"2459",2,98,1
"2460",85,60,2
"2461",100,0,7
"2462",-6,-6,5
"2463",-6,-6,5
"2464",-6,-6,4
"2465",-9,-9,-9
"2466",60,60,4
"2467",-6,-6,2
"2468",85,40,6
"2469",85,60,1
"2470",82,49,5
"2471",100,0,7
"2472",50,85,1
"2473",50,15,6
"2474",40,30,6
"2475",100,100,4
"2476",85,50,6
"2477",-6,-6,5
"2478",87,40,4
"2479",97,47,5
"2480",85,60,1
"2481",100,85,2
"2482",85,0,7
"2483",73,76,3
"2484",-6,-6,7
"2485",68,45,4
"2486",100,40,2
"2487",85,0,7
"2488",-6,-6,4
"2489",85,100,3
"2490",86,57,7
"2491",40,78,2
"2492",100,50,1
"2493",85,30,4
"2494",40,60,2
"2495",94,0,7
"2496",40,50,4
"2497",66,100,2
"2498",100,0,5
"2499",100,60,6
"2500",-6,-6,2
"2501",98,2,7
"2502",86,72,1
"2503",85,37,1
"2504",-6,-6,4
"2505",85,60,1
"2506",72,81,1
"2507",90,0,4
"2508",79,18,2
"2509",85,85,3
"2510",100,15,6
"2511",50,60,3
"2512",69,2,5
"2513",41,85,1
"2514",-6,-6,1
"2515",70,50,4
"2516",17,40,3
"2517",70,60,3
"2518",-6,-6,5
"2519",-6,-6,4
"2520",98,62,2
"2521",100,0,6
"2522",85,50,1
"2523",50,0,4
"2524",60,75,1
"2525",90,0,5
"2526",50,61,1
"2527",-6,-6,1
"2528",100,85,6
"2529",-6,-6,3
"2530",99,100,1
"2531",80,50,5
"2532",100,40,1
"2533",83,15,5
"2534",85,86,7
"2535",66,5,6
"2536",85,100,1
"2537",60,85,1
"2538",40,100,1
"2539",85,60,2
"2540",73,4,2
"2541",70,50,4
"2542",85,50,7
"2543",77,100,1
"2544",85,85,1
"2545",85,87,3
"2546",85,0,7
"2547",100,51,6
"2548",85,71,2
"2549",-6,-6,4
"2550",99,61,6
"2551",89,100,7
"2552",100,0,6
"2553",61,98,4
"2554",52,41,1
"2555",80,94,1
"2556",60,60,4
"2557",50,50,2
"2558",70,40,3
"2559",92,51,4
"2560",76,67,1
"2561",9,100,6
"2562",99,31,7
"2563",-7,-7,2
"2564",70,60,1
"2565",40,70,1
"2566",10,40,2
"2567",75,40,3
"2568",84,59,4
"2569",-6,-6,2
"2570",40,70,1
"2571",93,32,7
"2572",100,40,7
"2573",60,16,7
"2574",60,50,4
"2575",85,60,3
"2576",-7,-7,6
"2577",80,40,6
"2578",70,100,1
"2579",85,77,2
"2580",85,50,3
"2581",100,50,7
"2582",85,0,5
"2583",90,0,5
"2584",100,40,3
"2585",99,92,1
"2586",70,50,1
"2587",99,50,1
"2588",85,70,1
"2589",-6,-6,1
"2590",-6,-6,2
"2591",-6,-6,3
"2592",91,9,7
"2593",85,1,6
"2594",100,73,4
"2595",100,0,3
"2596",100,0,7
"2597",40,70,3
"2598",40,100,1
"2599",100,100,3
"2600",100,10,1
"2601",85,85,4
"2602",98,2,6
"2603",94,1,7
"2604",40,100,1
"2605",69,95,1
"2606",50,70,2
"2607",-6,-6,4
"2608",61,59,3
"2609",85,0,6
"2610",100,0,6
"2611",81,19,7
"2612",100,15,5
"2613",70,70,2
"2614",50,50,3
"2615",60,40,5
"2616",31,51,4
"2617",70,52,5
"2618",100,0,2
"2619",60,60,1
"2620",90,85,2
"2621",70,40,3
"2622",60,50,6
"2623",-7,-7,3
"2624",83,16,5
"2625",92,91,7
"2626",100,50,1
"2627",85,15,6
"2628",52,32,7
"2629",15,85,1
"2630",85,60,5
"2631",60,0,7
"2632",54,55,1
"2633",51,52,4
"2634",-6,-6,3
"2635",95,50,3
"2636",40,85,4
"2637",50,50,5
"2638",95,35,7
"2639",70,15,4
"2640",-7,-7,5
"2641",60,50,6
"2642",98,70,6
"2643",15,100,1
"2644",87,0,5
"2645",69,67,2
"2646",85,50,6
"2647",88,86,1
"2648",100,0,2
"2649",99,22,3
"2650",-7,-7,6
"2651",85,40,2
"2652",70,70,1
"2653",85,50,3
"2654",70,0,2
"2655",85,50,3
"2656",96,99,4
"2657",40,30,7
"2658",85,0,2
"2659",77,41,3
"2660",38,83,1
"2661",100,70,5
"2662",100,0,4
"2663",50,100,2
"2664",70,70,1
"2665",70,15,6
"2666",70,85,1
"2667",42,52,3
"2668",100,30,4
"2669",82,100,1
"2670",60,57,3
"2671",81,3,4
"2672",85,40,4
"2673",96,99,5
"2674",85,0,7
"2675",-6,-6,5
"2676",100,17,7
"2677",50,0,6
"2678",94,63,1
"2679",100,1,5
"2680",80,60,3
"2681",15,-9,1
"2682",-7,-7,1
"2683",84,18,2
"2684",100,0,2
"2685",70,100,1
"2686",99,51,5
"2687",90,52,7
"2688",100,0,7
"2689",85,70,6
"2690",-6,-6,7
"2691",21,50,4
"2692",40,90,1
"2693",100,0,7
"2694",85,0,5
"2695",84,19,2
"2696",60,30,6
"2697",85,30,6
"2698",17,88,4
"2699",97,0,7
"2700",-6,-6,2
"2701",50,3,1
"2702",93,45,7
"2703",30,70,1
"2704",85,85,2
"2705",96,1,5
"2706",-6,-6,5
"2707",-6,-6,1
"2708",80,30,4
"2709",70,51,1
"2710",100,30,2
"2711",-6,-6,4
"2712",82,73,2
"2713",-6,-6,3
"2714",71,71,1
"2715",60,97,2
"2716",60,0,6
"2717",50,51,4
"2718",100,43,1
"2719",85,30,3
"2720",-6,-6,2
"2721",40,40,4
"2722",-6,-6,4
"2723",75,10,7
"2724",65,40,1
"2725",70,60,2
"2726",-6,-6,1
"2727",70,40,7
"2728",40,16,7
"2729",85,0,5
"2730",94,17,4
"2731",62,69,1
"2732",100,100,1
"2733",90,80,1
"2734",60,84,3
"2735",70,15,2
"2736",80,80,3
"2737",85,90,1
"2738",60,58,1
"2739",100,50,7
"2740",0,85,4
"2741",85,60,3
"2742",85,15,6
"2743",-6,-6,7
"2744",85,90,1
"2745",-6,-6,5
"2746",70,30,4
"2747",100,85,6
"2748",86,66,3
"2749",-6,-6,4
"2750",90,15,7
"2751",64,45,6
"2752",100,1,5
"2753",91,40,7
"2754",-6,-6,1
"2755",-6,-6,4
"2756",-6,-6,1
"2757",85,0,6
"2758",100,50,6
"2759",97,34,7
"2760",60,100,2
"2761",70,15,5
"2762",56,40,5
"2763",51,84,5
"2764",-6,-6,6
"2765",44,37,1
"2766",-6,-6,3
"2767",-6,-6,7
"2768",85,0,6
"2769",85,60,1
"2770",90,-9,2
"2771",100,0,7
"2772",88,44,5
"2773",70,50,5
"2774",85,86,1
"2775",60,100,2
"2776",71,84,1
"2777",30,0,3
"2778",100,0,6
"2779",30,50,3
"2780",-9,-9,1
"2781",48,41,5
"2782",-7,-7,4
"2783",100,0,7
"2784",85,100,1
"2785",85,85,2
"2786",18,70,3
"2787",50,64,3
"2788",86,2,5
"2789",99,31,7
"2790",80,30,5
"2791",50,50,4
"2792",-6,-6,6
"2793",41,71,2
"2794",70,40,4
"2795",77,98,1
"2796",-6,-6,3
"2797",85,30,3
"2798",-6,-6,1
"2799",100,0,7
"2800",85,30,3
"2801",100,51,6
"2802",-6,-6,6
"2803",100,85,6
"2804",88,17,6
"2805",-7,-7,2
"2806",70,85,4
"2807",60,15,5
"2808",70,40,5
"2809",100,30,6
"2810",71,52,4
"2811",100,85,6
"2812",100,50,7
"2813",76,42,2
"2814",85,50,7
"2815",87,52,2
"2816",-6,-6,7
"2817",95,57,7
"2818",0,99,1
"2819",-6,-6,7
"2820",96,2,7
"2821",45,72,2
"2822",-6,-6,7
"2823",85,30,2
"2824",46,30,6
"2825",63,51,1
"2826",85,100,1
"2827",100,83,6
"2828",15,0,5
"2829",70,40,2
"2830",71,52,1
"2831",85,40,1
"2832",-6,-6,1
"2833",71,41,2
"2834",100,30,6
"2835",60,60,1
"2836",60,50,4
"2837",85,41,5
"2838",85,2,4
"2839",85,30,6
"2840",50,50,3
"2841",-6,-6,1
"2842",40,83,1
"2843",-6,-6,1
"2844",30,40,1
"2845",-6,-6,6
"2846",100,25,6
"2847",-9,0,5
"2848",85,40,6
"2849",-6,-6,4
"2850",60,70,1
"2851",40,40,1
"2852",100,0,7
"2853",85,40,1
"2854",35,0,4
"2855",46,44,2
"2856",20,80,6
"2857",100,0,7
"2858",90,31,2
"2859",100,1,7
"2860",85,0,5
"2861",70,26,5
"2862",87,64,6
"2863",100,15,4
"2864",-6,-6,1
"2865",69,42,6
"2866",-6,-6,1
"2867",100,-9,7
"2868",40,50,3
"2869",70,56,3
"2870",20,50,3
"2871",100,70,5
"2872",100,0,7
"2873",100,40,3
"2874",86,60,2
"2875",71,50,1
"2876",71,88,2
"2877",42,64,6
"2878",89,0,2
"2879",-7,-7,7
"2880",-6,-6,2
"2881",75,100,1
"2882",85,15,6
"2883",100,-9,4
"2884",-6,-6,7
"2885",73,57,6
"2886",77,87,3
"2887",85,30,4
"2888",-6,-6,2
"2889",85,15,7
"2890",70,60,4
"2891",60,50,4
"2892",100,30,7
"2893",50,100,1
"2894",70,70,4
"2895",72,53,6
"2896",-7,-7,1
"2897",75,0,4
"2898",71,61,3
"2899",80,51,3
"2900",40,70,4
"2901",63,40,4
"2902",40,70,2
"2903",50,100,1
"2904",0,0,4
"2905",83,49,2
"2906",41,61,6
"2907",-6,-6,5
"2908",-6,-6,6
"2909",61,40,2
"2910",60,51,6
"2911",100,15,1
"2912",63,42,5
"2913",70,3,7
"2914",40,70,3
"2915",40,85,3
"2916",-6,-6,4
"2917",70,85,3
"2918",20,100,2
"2919",67,40,3
"2920",85,0,6
"2921",-6,-6,7
"2922",100,0,4
"2923",-7,-7,4
"2924",70,85,3
"2925",40,70,1
"2926",60,15,4
"2927",59,10,2
"2928",-6,-6,1
"2929",100,0,6
"2930",-6,-6,7
"2931",40,85,7
"2932",-7,-7,7
"2933",-6,-6,7
"2934",85,40,4
"2935",40,100,1
"2936",92,0,7
"2937",41,96,1
"2938",99,2,6
"2939",100,30,5
"2940",86,50,4
"2941",100,58,4
"2942",40,10,4
"2943",81,95,3
"2944",87,27,1
"2945",40,60,1
"2946",96,61,6
"2947",100,50,4
"2948",60,40,6
"2949",85,41,7
"2950",100,0,7
"2951",70,50,1
"2952",99,16,6
"2953",85,100,7
"2954",85,85,4
"2955",-6,-6,4
"2956",98,0,7
"2957",85,50,4
"2958",85,60,1
"2959",-6,-6,3
"2960",0,71,1
"2961",40,100,4
"2962",70,70,3
"2963",85,51,2
"2964",-6,-6,6
"2965",100,0,7
"2966",100,1,7
"2967",86,86,1
"2968",91,50,5
"2969",85,70,1
"2970",80,100,1
"2971",85,86,5
"2972",99,4,6
"2973",85,50,4
"2974",60,85,1
"2975",-7,-7,7
"2976",-6,-6,7
"2977",60,1,5
"2978",100,100,2
"2979",88,50,6
"2980",60,85,1
"2981",59,17,6
"2982",98,3,5
"2983",85,55,2
"2984",100,62,2
"2985",60,40,6
"2986",5,100,2
"2987",100,15,5
"2988",80,80,1
"2989",70,85,2
"2990",100,0,7
"2991",65,54,3
"2992",-6,-6,1
"2993",-7,-7,4
"2994",100,0,6
"2995",85,79,1
"2996",70,60,2
"2997",-6,-6,5
"2998",70,75,1
"2999",39,33,3
"3000",85,30,4
"3001",-6,-6,4
"3002",100,50,7
"3003",85,50,2
"3004",98,31,6
"3005",70,75,6
"3006",-6,-6,4
"3007",48,84,1
"3008",98,45,5
"3009",85,15,7
"3010",88,93,3
"3011",-6,-6,1
"3012",100,70,1
"3013",100,0,7
"3014",60,50,3
"3015",68,20,7
"3016",98,14,5
"3017",100,15,5
"3018",85,0,4
"3019",52,49,6
"3020",99,41,7
"3021",99,28,5
"3022",63,85,2
"3023",85,70,6
"3024",98,52,6
"3025",60,99,1
"3026",100,15,7
"3027",100,0,7
"3028",60,50,2
"3029",31,86,1
"3030",-6,-6,4
"3031",85,0,6
"3032",71,95,7
"3033",70,50,1
"3034",-6,-6,4
"3035",60,60,4
"3036",70,50,2
"3037",70,85,3
"3038",100,50,6
"3039",40,30,5
"3040",85,60,4
"3041",-6,-6,5
"3042",100,50,4
"3043",100,100,3
"3044",82,69,7
"3045",85,70,1
"3046",95,0,6
"3047",100,85,1
"3048",50,60,1
"3049",70,85,1
"3050",100,50,6
"3051",35,93,1
"3052",100,0,7
"3053",85,50,6
"3054",50,40,1
"3055",94,5,7
"3056",70,40,6
"3057",71,50,4
"3058",77,0,5
"3059",62,72,1
"3060",-6,-6,1
"3061",-6,-6,4
"3062",100,0,4
"3063",90,40,7
"3064",85,50,7
"3065",50,70,3
"3066",85,50,7
"3067",97,3,3
"3068",70,15,1
"3069",85,60,2
"3070",70,50,2
"3071",85,70,1
"3072",-6,-6,4
"3073",-6,-6,7
"3074",86,93,1
"3075",-6,-6,4
"3076",-6,-6,7
"3077",99,51,6
"3078",60,40,7
"3079",70,60,2
"3080",88,58,3
"3081",72,61,2
"3082",100,30,7
"3083",85,85,1
"3084",85,15,1
"3085",91,16,6
"3086",60,99,1
"3087",85,100,1
"3088",100,85,6
"3089",65,16,7
"3090",99,3,5
"3091",50,30,1
"3092",30,60,4
"3093",85,40,4
"3094",-6,-6,7
"3095",-7,-7,3
"3096",15,86,4
"3097",-7,-7,4
"3098",85,70,7
"3099",85,40,4
"3100",100,1,7
"3101",70,100,2
"3102",70,100,1
"3103",85,29,4
"3104",100,85,1
"3105",100,0,7
"3106",-6,-6,7
"3107",75,90,1
"3108",15,100,1
"3109",85,0,4
"3110",100,30,2
"3111",3,88,4
"3112",65,60,2
"3113",100,71,2
"3114",40,100,3
"3115",71,53,2
"3116",-7,-7,1
"3117",-6,-6,5
"3118",76,46,2
"3119",70,68,1
"3120",73,57,5
"3121",85,40,5
"3122",100,50,2
"3123",86,1,4
"3124",85,0,7
"3125",85,84,4
"3126",82,27,7
"3127",100,1,7
"3128",0,96,4
"3129",-6,-6,5
"3130",60,100,2
"3131",97,1,4
"3132",94,37,7
"3133",100,50,6
"3134",50,50,1
"3135",85,50,2
"3136",100,60,7
"3137",85,0,6
"3138",100,25,6
"3139",50,100,2
"3140",85,70,4
"3141",70,55,3
"3142",16,69,1
"3143",100,1,5
"3144",100,40,6
"3145",60,1,2
"3146",85,71,3
"3147",76,59,3
"3148",-6,-6,7
"3149",80,50,3
"3150",50,70,1
"3151",70,85,-9
"3152",71,51,2
"3153",50,85,1
"3154",76,32,5
"3155",90,0,1
"3156",38,69,1
"3157",51,32,5
"3158",85,0,7
"3159",85,1,4
"3160",70,85,6
"3161",69,50,3
"3162",100,42,2
"3163",70,100,1
"3164",70,50,6
"3165",-6,-6,7
"3166",88,76,4
"3167",100,50,4
"3168",89,17,4
"3169",70,30,5
"3170",95,10,7
"3171",100,60,5
"3172",71,50,3
"3173",85,30,4
"3174",85,100,1
"3175",70,62,2
"3176",100,0,7
"3177",-6,-6,3
"3178",100,0,5
"3179",85,40,5
"3180",15,85,2
"3181",100,100,4
"3182",-7,-7,1
"3183",85,15,5
"3184",12,100,1
"3185",60,85,4
"3186",10,90,1
"3187",86,2,6
"3188",41,88,2
"3189",100,0,5
"3190",82,83,4
"3191",-6,-6,1
"3192",85,0,7
"3193",70,1,7
"3194",80,70,4
"3195",99,51,7
"3196",72,18,4
"3197",71,85,3
"3198",99,2,6
"3199",85,30,6
"3200",-6,-6,3
"3201",100,85,1
"3202",85,70,2
"3203",77,85,1
"3204",-6,-6,1
"3205",85,40,2
"3206",100,0,7
"3207",50,50,5
"3208",60,50,7
"3209",71,98,1
"3210",75,55,7
"3211",85,85,1
"3212",100,40,7
"3213",70,50,3
"3214",85,85,1
"3215",33,40,2
"3216",50,50,5
"3217",85,60,4
"3218",85,15,7
"3219",71,59,1
"3220",85,0,7
"3221",-6,-6,6
"3222",98,1,4
"3223",92,94,2
"3224",100,85,3
"3225",-6,-6,1
"3226",85,70,5
"3227",40,100,1
"3228",40,59,1
"3229",-6,-6,6
"3230",79,44,4
"3231",85,15,6
"3232",40,30,6
"3233",100,40,1
"3234",85,60,1
"3235",100,50,6
"3236",-7,-7,7
"3237",82,1,6
"3238",85,15,5
"3239",61,74,3
"3240",85,70,3
"3241",83,60,1
"3242",-6,-6,2
"3243",70,50,5
"3244",70,70,3
"3245",62,51,4
"3246",-6,-6,4
"3247",70,30,1
"3248",100,40,7
"3249",49,49,4
"3250",85,70,1
"3251",-6,-6,2
"3252",97,53,7
"3253",83,2,5
"3254",70,90,3
"3255",85,-9,5
"3256",70,60,4
"3257",85,0,6
"3258",50,50,1
"3259",-6,-6,4
"3260",86,70,7
"3261",70,100,1
"3262",80,100,1
"3263",72,84,1
"3264",85,50,4
"3265",60,70,1
"3266",-6,-6,1
"3267",100,0,7
"3268",18,100,1
"3269",100,30,2
"3270",85,0,7
"3271",54,70,3
"3272",64,98,1
"3273",-6,-6,2
"3274",0,70,1
"3275",100,2,7
"3276",-6,-6,6
"3277",85,90,1
"3278",84,46,6
"3279",100,100,3
"3280",85,30,7
"3281",70,60,3
"3282",70,90,1
"3283",72,46,5
"3284",85,0,4
"3285",-6,-6,4
"3286",-6,-6,1
"3287",70,15,1
"3288",84,70,3
"3289",98,0,7
"3290",40,100,1
"3291",85,40,3
"3292",-7,-7,5
"3293",-6,-6,4
"3294",100,70,3
"3295",2,0,4
"3296",100,0,7
"3297",99,5,6
"3298",100,0,7
"3299",60,40,7
"3300",90,0,5
"3301",96,51,6
"3302",70,85,2
"3303",30,15,5
"3304",60,0,4
"3305",15,100,1
"3306",98,5,7
"3307",-6,-6,1
"3308",50,40,2
"3309",90,100,1
"3310",88,18,1
"3311",100,50,4
"3312",85,0,6
"3313",46,100,2
"3314",86,28,4
"3315",85,15,7
"3316",100,71,1
"3317",79,50,1
"3318",-7,-7,6
"3319",100,100,3
"3320",85,70,3
"3321",100,0,4
"3322",70,50,1
"3323",-6,-6,7
"3324",60,85,3
"3325",86,40,2
"3326",50,100,3
"3327",-7,-7,1
"3328",-6,-6,3
"3329",86,51,7
"3330",100,1,5
"3331",50,100,1
"3332",100,100,2
"3333",-6,-6,7
"3334",-6,-6,3
"3335",60,75,4
"3336",95,0,6
"3337",68,55,5
"3338",100,0,6
"3339",40,85,1
"3340",70,85,1
"3341",73,59,3
"3342",85,15,2
"3343",85,50,5
"3344",100,80,1
"3345",85,15,7
"3346",91,78,6
"3347",85,15,6
"3348",40,100,1
"3349",100,76,3
"3350",66,2,7
"3351",-7,-7,5
"3352",85,70,1
"3353",30,100,3
"3354",100,0,7
"3355",95,0,1
"3356",92,97,6
"3357",-6,-6,4
"3358",100,99,1
"3359",85,51,6
"3360",87,3,5
"3361",-6,-6,2
"3362",60,70,3
"3363",85,15,5
"3364",100,85,2
"3365",15,60,3
"3366",85,15,7
"3367",60,40,3
"3368",40,60,2
"3369",100,0,4
"3370",60,15,5
"3371",-6,-6,4
"3372",40,1,6
"3373",86,17,5
"3374",-6,-6,2
"3375",85,52,3
"3376",82,0,7
"3377",40,85,2
"3378",85,100,1
"3379",-6,-6,7
"3380",80,40,2
"3381",-6,-6,6
"3382",98,86,1
"3383",-6,-6,6
"3384",100,0,6
"3385",-6,-6,4
"3386",0,30,1
"3387",85,85,2
"3388",69,56,5
"3389",100,0,7
"3390",76,71,2
"3391",6,6,4
"3392",60,0,5
"3393",53,50,4
"3394",100,50,3
"3395",-6,-6,6
"3396",29,51,5
"3397",85,100,4
"3398",100,50,2
"3399",86,70,4
"3400",-7,-7,4
"3401",85,92,1
"3402",88,100,5
"3403",84,81,3
"3404",95,73,7
"3405",85,30,6
"3406",85,0,7
"3407",81,16,6
"3408",70,50,4
"3409",-7,-7,7
"3410",83,79,2
"3411",85,50,7
"3412",85,50,2
"3413",85,70,1
"3414",50,80,4
"3415",70,70,2
"3416",71,61,1
"3417",-6,-6,4
"3418",-6,-6,7
"3419",100,0,7
"3420",60,70,2
"3421",-7,-7,1
"3422",85,0,7
"3423",98,16,6
"3424",85,85,7
"3425",-6,-6,7
"3426",-6,-6,1
"3427",80,85,7
"3428",95,25,1
"3429",70,50,1
"3430",100,0,2
"3431",74,55,2
"3432",70,85,1
"3433",70,70,4
"3434",100,0,7
"3435",41,75,3
"3436",-6,-6,4
"3437",71,10,4
"3438",-6,-6,7
"3439",86,85,1
"3440",70,100,1
"3441",100,70,6
"3442",85,100,1
"3443",86,18,7
"3444",96,22,6
"3445",17,74,4
"3446",-6,-6,7
"3447",86,64,4
"3448",-6,-6,6
"3449",84,69,2
"3450",85,0,7
"3451",100,70,2
"3452",51,100,1
"3453",85,15,6
"3454",70,50,7
"3455",60,70,2
"3456",-6,-6,6
"3457",67,61,3
"3458",80,100,5
"3459",86,32,5
"3460",30,85,2
"3461",85,60,4
"3462",86,100,3
"3463",60,-9,2
"3464",95,10,6
"3465",85,95,3
"3466",-6,-6,7
"3467",99,2,7
"3468",91,50,7
"3469",90,18,4
"3470",30,15,5
"3471",72,72,3
"3472",72,0,6
"3473",15,50,1
"3474",-6,-6,5
"3475",60,70,1
"3476",100,60,3
"3477",-6,-6,7
"3478",100,100,4
"3479",40,40,4
"3480",50,50,4
"3481",70,40,3
"3482",100,0,7
"3483",70,70,2
"3484",-7,-7,4
"3485",85,0,7
"3486",85,85,1
"3487",100,70,2
"3488",-6,-6,4
"3489",55,100,2
"3490",40,50,2
"3491",85,40,7
"3492",60,40,7
"3493",35,50,3
"3494",70,85,6
"3495",85,70,1
"3496",60,50,2
"3497",-6,-6,1
"3498",-6,-6,1
"3499",100,0,7
"3500",85,70,4
"3501",75,50,5
"3502",100,100,1
"3503",81,8,6
"3504",9,50,5
"3505",70,60,1
"3506",50,50,4
"3507",100,70,1
"3508",40,100,3
"3509",71,43,5
"3510",100,0,7
"3511",30,62,1
"3512",70,10,6
"3513",93,15,7
"3514",85,50,2
"3515",98,54,4
"3516",-6,-6,1
"3517",85,-9,7
"3518",85,50,1
"3519",51,51,2
"3520",71,32,3
"3521",-6,-6,4
"3522",70,50,5
"3523",88,17,7
"3524",30,85,3
"3525",100,100,1
"3526",100,40,5
"3527",85,3,5
"3528",100,15,6
"3529",70,100,2
"3530",85,15,7
"3531",85,30,6
"3532",-6,-6,1
"3533",76,29,3
"3534",-6,-6,1
"3535",85,70,4
"3536",60,70,4
"3537",65,80,3
"3538",-6,-6,4
"3539",15,100,4
"3540",99,70,2
"3541",100,15,6
"3542",85,85,3
"3543",90,70,2
"3544",-6,-6,7
"3545",97,16,7
"3546",100,50,2
"3547",85,70,1
"3548",85,100,1
"3549",100,15,2
"3550",38,100,3
"3551",85,85,4
"3552",85,15,6
"3553",-6,-6,1
"3554",62,62,1
"3555",70,85,1
"3556",10,40,4
"3557",70,50,7
"3558",100,50,4
"3559",-6,-6,2
"3560",70,0,6
"3561",71,42,1
"3562",78,70,2
"3563",-6,-6,1
"3564",70,72,7
"3565",85,40,1
"3566",-6,-6,1
"3567",60,95,3
"3568",69,60,2
"3569",100,70,4
"3570",50,70,2
"3571",85,0,7
"3572",70,40,1
"3573",-6,-6,6
"3574",85,70,1
"3575",85,15,7
"3576",-6,-6,4
"3577",100,85,2
"3578",100,0,7
"3579",50,50,1
"3580",50,50,5
"3581",75,10,5
"3582",85,40,2
"3583",52,41,5
"3584",-6,-6,4
"3585",-7,-7,1
"3586",70,50,2
"3587",100,70,1
"3588",100,86,3
"3589",100,0,6
"3590",-6,-6,6
"3591",100,1,7
"3592",9,15,2
"3593",85,40,1
"3594",100,85,4
"3595",60,60,4
"3596",100,0,2
"3597",98,68,4
"3598",50,50,2
"3599",50,50,4
"3600",70,15,3
"3601",68,67,2
"3602",100,50,7
"3603",75,40,2
"3604",70,30,1
"3605",60,50,3
"3606",-6,-6,6
"3607",100,15,4
"3608",-7,-7,6
"3609",-6,-6,7
"3610",85,60,4
"3611",-6,-6,4
"3612",-6,-6,2
"3613",100,50,7
"3614",85,70,6
"3615",-6,-6,5
"3616",50,50,1
"3617",100,1,5
"3618",94,2,6
"3619",50,0,2
"3620",72,-9,7
"3621",-6,-6,3
"3622",-6,-6,4
"3623",-9,100,1
"3624",80,90,2
"3625",-6,-6,4
"3626",89,2,7
"3627",99,85,2
"3628",85,60,4
"3629",100,30,7
"3630",85,85,2
"3631",100,70,7
"3632",85,41,5
"3633",-6,-6,4
"3634",85,60,2
"3635",0,0,4
"3636",70,50,7
"3637",86,72,5
"3638",65,35,6
"3639",-6,-6,1
"3640",86,5,6
"3641",50,50,6
"3642",60,60,5
"3643",40,85,1
"3644",30,30,1
"3645",70,-9,1
"3646",-6,-6,1
"3647",85,70,5
"3648",87,18,1
"3649",98,0,7
"3650",50,100,1
"3651",70,100,6
"3652",85,100,2
"3653",61,61,6
"3654",-6,-6,1
"3655",40,40,3
"3656",70,60,6
"3657",100,50,4
"3658",70,15,2
"3659",95,50,2
"3660",-7,-7,6
"3661",85,50,4
"3662",93,35,2
"3663",87,31,4
"3664",70,60,4
"3665",100,0,7
"3666",49,50,4
"3667",85,30,2
"3668",40,0,2
"3669",100,50,2
"3670",72,0,7
"3671",85,80,3
"3672",90,50,3
"3673",89,88,1
"3674",85,0,7
"3675",88,51,1
"3676",60,100,1
"3677",85,2,4
"3678",74,-9,2
"3679",-6,-6,7
"3680",-6,-6,2
"3681",85,15,4
"3682",85,15,6
"3683",100,100,7
"3684",40,2,1
"3685",-7,-7,3
"3686",81,34,6
"3687",85,18,3
"3688",85,50,3
"3689",100,0,4
"3690",85,50,2
"3691",97,25,7
"3692",40,100,1
"3693",63,100,1
"3694",85,85,1
"3695",-6,-6,1
"3696",-6,-6,7
"3697",40,85,1
"3698",-6,-6,7
"3699",60,60,6
"3700",56,50,2
"3701",60,0,6
"3702",85,50,4
"3703",-6,-6,1
"3704",90,69,6
"3705",-6,-6,2
"3706",71,74,3
"3707",0,50,2
"3708",-6,-6,3
"3709",50,100,7
"3710",93,2,6
"3711",70,70,4
"3712",0,100,4
"3713",85,50,6
"3714",85,18,7
"3715",-6,-6,7
"3716",81,41,3
"3717",100,85,1
"3718",50,50,3
"3719",100,50,5
"3720",85,0,5
"3721",60,30,4
"3722",99,0,6
"3723",-7,-7,5
"3724",85,40,5
"3725",-6,-6,-9
"3726",31,95,1
"3727",95,13,4
"3728",98,38,6
"3729",90,41,7
"3730",75,30,3
"3731",85,72,7
"3732",100,85,1
"3733",35,100,1
"3734",69,51,2
"3735",50,100,7
"3736",100,50,7
"3737",85,70,7
"3738",61,79,2
"3739",61,49,1
"3740",70,70,4
"3741",70,70,3
"3742",100,0,6
"3743",90,100,3
"3744",60,40,7
"3745",50,40,1
"3746",31,70,1
"3747",85,70,2
"3748",60,40,4
"3749",100,17,3
"3750",70,60,4
"3751",50,50,4
"3752",85,85,1
"3753",100,36,7
"3754",85,50,4
"3755",-7,-7,4
"3756",85,0,7
"3757",49,98,1
"3758",85,85,4
"3759",12,100,1
"3760",98,3,7
"3761",72,40,3
"3762",73,50,1
"3763",70,75,1
"3764",85,30,5
"3765",-6,-6,3
"3766",100,100,3
"3767",85,50,7
"3768",99,99,4
"3769",85,50,4
"3770",85,70,4
"3771",99,3,7
"3772",100,30,6
"3773",70,100,1
"3774",100,0,7
"3775",100,34,5
"3776",50,50,4
"3777",61,85,6
"3778",85,51,1
"3779",100,40,2
"3780",85,0,4
"3781",40,0,6
"3782",100,0,2
"3783",71,31,6
"3784",85,100,1
"3785",-6,-6,1
"3786",85,0,7
"3787",85,30,7
"3788",60,100,2
"3789",85,0,5
"3790",70,60,1
"3791",50,100,1
"3792",-6,-6,2
"3793",96,0,7
"3794",100,26,7
"3795",70,50,1
"3796",100,50,7
"3797",-6,-6,2
"3798",61,30,4
"3799",60,50,1
"3800",100,0,6
"3801",50,31,5
"3802",100,40,2
"3803",85,30,5
"3804",85,30,7
"3805",60,40,2
"3806",100,0,5
"3807",100,0,7
"3808",100,71,2
"3809",71,100,6
"3810",51,50,1
"3811",70,62,2
"3812",73,57,2
"3813",84,0,2
"3814",30,50,2
"3815",-6,-6,2
"3816",86,40,6
"3817",57,40,3
"3818",62,61,3
"3819",70,70,1
"3820",88,81,1
"3821",-6,-6,1
"3822",0,50,6
"3823",-6,-6,7
"3824",100,100,1
"3825",86,32,4
"3826",85,51,7
"3827",95,95,2
"3828",92,0,7
"3829",55,80,5
"3830",70,85,2
"3831",85,1,5
"3832",75,50,1
"3833",50,100,2
"3834",60,100,2
"3835",40,0,4
"3836",85,70,1
"3837",98,51,7
"3838",99,50,1
"3839",-6,-6,1
"3840",52,99,1
"3841",6,2,4
"3842",100,85,1
"3843",60,50,6
"3844",-6,-6,1
"3845",85,40,7
"3846",70,70,1
"3847",85,60,1
"3848",100,0,7
"3849",85,0,6
"3850",2,61,6
"3851",92,0,7
"3852",85,40,4
"3853",91,50,3
"3854",100,0,7
"3855",83,89,1
"3856",30,80,3
"3857",60,50,3
"3858",85,50,4
"3859",60,70,3
"3860",60,40,2
"3861",100,40,7
"3862",-6,-6,3
"3863",92,86,1
"3864",0,100,2
"3865",-6,-6,1
"3866",70,60,1
"3867",40,100,1
"3868",30,60,4
"3869",100,15,7
"3870",60,50,2
"3871",55,30,4
"3872",60,15,4
"3873",100,0,7
"3874",99,47,4
"3875",55,32,4
"3876",85,0,7
"3877",-6,-6,2
"3878",-6,-6,5
"3879",100,0,4
"3880",85,51,2
"3881",100,0,5
"3882",87,1,5
"3883",60,60,1
"3884",85,50,2
"3885",95,0,7
"3886",85,70,5
"3887",86,41,4
"3888",85,30,7
"3889",70,15,5
"3890",70,40,2
"3891",100,100,1
"3892",100,91,3
"3893",97,70,3
"3894",-9,-9,1
"3895",70,40,7
"3896",-6,-6,6
"3897",50,50,4
"3898",61,61,1
"3899",40,85,3
"3900",30,84,2
"3901",40,100,4
"3902",70,60,6
"3903",100,30,1
"3904",100,70,6
"3905",96,99,1
"3906",22,89,1
"3907",-6,-6,6
"3908",60,40,2
"3909",70,68,7
"3910",42,85,1
"3911",50,15,3
"3912",63,62,4
"3913",-6,-6,5
"3914",85,0,7
"3915",100,51,3
"3916",-7,-7,1
"3917",-6,-6,1
"3918",93,0,7
"3919",70,34,3
"3920",70,-9,1
"3921",-6,-6,1
"3922",-6,-6,-9
"3923",40,100,1
"3924",40,70,1
"3925",0,0,4
"3926",98,65,1
"3927",90,75,1
"3928",85,15,7
"3929",73,85,1
"3930",95,50,3
"3931",80,12,2
"3932",90,32,6
"3933",85,15,6
"3934",50,96,2
"3935",85,12,3
"3936",-6,-6,1
"3937",41,41,4
"3938",85,30,6
"3939",-6,-6,6
"3940",96,47,4
"3941",70,0,7
"3942",70,50,3
"3943",84,0,7
"3944",23,85,1
"3945",16,100,1
"3946",-9,-9,4
"3947",50,50,5
"3948",85,30,6
"3949",70,70,3
"3950",-6,-6,6
"3951",100,70,7
"3952",0,0,3
"3953",55,55,3
"3954",100,0,2
"3955",100,0,5
"3956",60,60,7
"3957",15,100,1
"3958",100,40,2
"3959",100,30,5
"3960",52,59,1
"3961",70,70,4
"3962",76,11,5
"3963",-6,-6,7
"3964",100,100,4
"3965",50,15,2
"3966",70,85,3
"3967",-6,-6,3
"3968",85,0,5
"3969",-6,-6,3
"3970",100,50,2
"3971",40,60,3
"3972",85,0,4
"3973",15,100,1
"3974",85,100,1
"3975",20,60,1
"3976",100,15,7
"3977",-6,-6,2
"3978",85,25,2
"3979",99,0,6
"3980",80,91,1
"3981",85,0,5
"3982",95,1,7
"3983",-6,-6,3
"3984",-6,-6,2
"3985",-6,-6,3
"3986",40,85,2
"3987",95,37,2
"3988",100,70,6
"3989",85,85,7
"3990",100,0,2
"3991",100,10,7
"3992",80,70,2
"3993",-6,-6,7
"3994",85,71,1
"3995",70,17,5
"3996",85,0,6
"3997",100,0,7
"3998",100,0,7
"3999",100,50,4
"4000",85,70,1
"4001",85,70,4
"4002",70,100,1
"4003",85,30,1
"4004",86,2,5
"4005",74,84,1
"4006",100,0,7
"4007",100,70,1
"4008",100,50,2
"4009",100,70,5
"4010",85,100,1
"4011",88,100,1
"4012",85,71,3
"4013",95,30,5
"4014",89,18,7
"4015",-6,-6,7
"4016",79,50,4
"4017",51,52,2
"4018",-6,-6,2
"4019",50,75,1
"4020",85,60,1
"4021",100,0,4
"4022",30,70,2
"4023",95,0,5
"4024",100,50,5
"4025",85,85,3
"4026",97,61,6
"4027",75,50,5
"4028",100,50,4
"4029",82,50,6
"4030",100,10,1
"4031",100,0,6
"4032",100,50,7
"4033",85,70,6
"4034",100,0,5
"4035",100,100,1
"4036",70,100,1
"4037",65,57,5
"4038",99,15,7
"4039",39,99,6
"4040",93,16,5
"4041",99,40,4
"4042",70,70,1
"4043",85,15,6
"4044",85,15,5
"4045",100,0,4
"4046",-6,-6,7
"4047",-6,-6,2
"4048",-6,-6,7
"4049",85,60,4
"4050",100,0,5
"4051",-6,-6,7
"4052",70,16,1
"4053",70,70,4
"4054",93,85,6
"4055",83,84,1
"4056",70,30,3
"4057",85,15,7
"4058",-6,-6,2
"4059",50,30,2
"4060",85,60,6
"4061",-7,-7,4
"4062",85,0,6
"4063",-6,-6,1
"4064",71,16,7
"4065",-6,-6,3
"4066",60,85,4
"4067",85,50,2
"4068",-7,-7,3
"4069",78,51,2
"4070",70,70,1
"4071",-6,-6,7
"4072",-6,-6,1
"4073",49,81,4
"4074",92,40,1
"4075",-6,-6,1
"4076",50,49,1
"4077",56,73,1
"4078",70,0,5
"4079",70,0,6
"4080",65,75,1
"4081",-7,-7,4
"4082",85,70,2
"4083",100,0,4
"4084",1,100,1
"4085",62,52,5
"4086",37,99,2
"4087",48,67,3
"4088",100,0,6
"4089",-6,-6,7
"4090",30,100,1
"4091",70,59,2
"4092",100,0,4
"4093",98,72,2
"4094",41,100,1
"4095",100,0,7
"4096",50,100,3
"4097",100,35,5
"4098",70,0,5
"4099",-6,-6,6
"4100",32,47,1
"4101",39,70,1
"4102",90,40,3
"4103",31,66,3
"4104",-6,-6,6
"4105",-6,-6,1
"4106",-6,-6,2
"4107",100,85,6
"4108",95,50,4
"4109",70,48,3
"4110",93,63,1
"4111",85,2,7
"4112",96,30,7
"4113",100,50,5
"4114",100,15,7
"4115",73,3,3
"4116",85,100,1
"4117",85,100,4
"4118",100,0,5
"4119",-6,-6,6
"4120",85,0,5
"4121",69,2,5
"4122",85,0,5
"4123",40,100,2
"4124",61,50,4
"4125",-7,-7,7
"4126",60,31,2
"4127",85,50,2
"4128",70,50,4
"4129",100,27,7
"4130",60,71,3
"4131",27,45,2
"4132",-6,-6,7
"4133",70,50,4
"4134",99,0,5
"4135",91,1,3
"4136",90,90,4
"4137",73,98,1
"4138",-6,-6,6
"4139",100,50,6
"4140",100,15,4
"4141",99,1,6
"4142",-7,-7,4
"4143",-7,-7,5
"4144",85,100,1
"4145",95,50,3
"4146",-6,-6,7
"4147",100,70,5
"4148",85,50,6
"4149",85,15,7
"4150",97,51,7
"4151",-7,-7,7
"4152",87,62,4
"4153",100,70,2
"4154",70,60,1
"4155",75,0,5
"4156",85,100,1
"4157",-6,-6,2
"4158",70,40,2
"4159",99,72,2
"4160",50,50,2
"4161",99,16,5
"4162",85,70,5
"4163",90,20,7
"4164",70,70,4
"4165",84,68,1
"4166",15,85,1
"4167",85,0,5
"4168",87,47,3
"4169",50,0,5
"4170",86,9,6
"4171",-7,-7,7
"4172",89,85,2
"4173",-6,-6,7
"4174",100,60,1
"4175",70,0,7
"4176",100,70,3
"4177",57,52,1
"4178",85,40,7
"4179",60,85,1
"4180",-6,-6,1
"4181",70,85,1
"4182",70,50,6
"4183",85,60,6
"4184",-6,-6,7
"4185",-6,-6,3
"4186",85,15,7
"4187",85,60,5
"4188",72,73,3
"4189",-6,-6,6
"4190",100,15,7
"4191",98,85,1
"4192",-6,-6,2
"4193",75,20,6
"4194",100,50,6
"4195",70,-9,2
"4196",-7,-7,4
"4197",40,98,1
"4198",85,15,4
"4199",85,50,4
"4200",100,70,1
"4201",85,0,7
"4202",85,15,7
"4203",71,51,4
"4204",-6,-6,5
"4205",40,40,7
"4206",85,57,3
"4207",-6,-6,5
"4208",85,50,6
"4209",72,100,2
"4210",-6,-6,6
"4211",99,41,7
"4212",-6,-6,3
"4213",-6,-6,7
"4214",40,50,1
"4215",93,100,2
"4216",88,89,3
"4217",97,2,7
"4218",-7,-7,4
"4219",85,100,2
"4220",60,16,6
"4221",85,60,4
"4222",30,100,1
"4223",40,60,3
"4224",85,60,6
"4225",85,29,7
"4226",100,0,6
"4227",91,92,1
"4228",90,87,6
"4229",50,60,1
"4230",100,15,7
"4231",41,40,2
"4232",-6,-6,6
"4233",85,40,7
"4234",70,100,2
"4235",85,0,7
"4236",-6,-6,4
"4237",93,0,7
"4238",85,0,6
"4239",85,0,7
"4240",100,0,5
"4241",60,60,5
"4242",100,100,1
"4243",50,100,1
"4244",70,50,4
"4245",100,15,7
"4246",69,41,6
"4247",85,60,4
"4248",100,60,1
"4249",100,15,7
"4250",87,83,1
"4251",100,-9,4
"4252",79,2,7
"4253",45,100,2
"4254",46,9,6
"4255",100,50,2
"4256",100,9,5
"4257",-6,-6,4
"4258",-6,-6,1
"4259",-6,-6,5
"4260",85,39,7
"4261",85,30,7
"4262",-6,-6,1
"4263",73,98,7
"4264",-7,-7,2
"4265",100,52,1
"4266",50,60,2
"4267",85,86,1
"4268",84,18,1
"4269",72,0,2
"4270",80,99,1
"4271",-6,-6,6
